基金代码,基金简称,类型,2023-05-30-单位净值,2023-05-30-累计净值,2023-05-29-单位净值,2023-05-29-累计净值,增长值,增长率,市价,折价率
159601,华夏MSCI中国A50互联互通ETF行情,指数型-股票,0.7577,0.7577,0.7581,0.7581,-0.0004,-0.05%,0.7570,0.09%
159602,南方MSCI中国A50互联互通ETF行情,指数型-股票,0.7561,0.7561,0.7572,0.7572,-0.0011,-0.15%,0.7540,0.28%
159603,天弘中证科创创业50ETF行情,指数型-股票,0.8881,0.8881,0.8819,0.8819,0.0062,0.70%,0.8880,0.01%
159605,广发海外中国互联网30(QDII-ETF)行情,QDII,---,---,0.6990,0.6990,---,---,0.7100,---
159606,易方达中证500质量成长ETF行情,指数型-股票,0.8110,0.8110,0.8062,0.8062,0.0048,0.60%,0.8100,0.12%
159607,嘉实中证海外中国互联网30ETF(QDII)行情,QDII,---,---,0.6997,0.6997,---,---,0.7110,---
159608,广发中证稀有金属主题ETF行情,指数型-股票,0.6649,0.6649,0.6666,0.6666,-0.0017,-0.26%,0.6630,0.29%
159609,浦银安盛中证光伏产业ETF行情,指数型-股票,0.6960,0.6960,0.7026,0.7026,-0.0066,-0.94%,0.6980,-0.29%
159610,景顺中证500增强策略ETF行情,指数型-股票,0.8208,0.8208,0.8151,0.8151,0.0057,0.70%,0.8200,0.10%
159611,广发中证全指电力公用事业ETF行情,指数型-股票,0.9694,0.9694,0.9731,0.9731,-0.0037,-0.38%,0.9690,0.04%
159612,国泰标普500(QDII-ETF)行情,QDII,---,---,1.1115,1.1115,---,---,1.1210,---
159613,嘉实中证信息安全主题ETF行情,指数型-股票,0.9292,0.9292,0.9045,0.9045,0.0247,2.73%,0.9290,0.02%
159615,南方恒生香港上市生物科技ETF(QDII)行情,QDII,0.8678,0.8678,0.8558,0.8558,0.0120,1.40%,0.8700,-0.25%
159616,建信中证农牧主题ETF行情,指数型-股票,0.7617,0.7617,0.7662,0.7662,-0.0045,-0.59%,0.7610,0.09%
159617,华夏中证智选500价值稳健策略ETF行情,指数型-股票,1.0760,1.0760,1.0688,1.0688,0.0072,0.67%,1.0740,0.19%
159618,华安中证光伏产业ETF行情,指数型-股票,0.9584,0.9584,0.9673,0.9673,-0.0089,-0.92%,0.9590,-0.06%
159619,国泰中证基建ETF行情,指数型-股票,0.9926,0.9926,0.9738,0.9738,0.0188,1.93%,0.9960,-0.34%
159620,华夏中证智选500成长创新策略ETF行情,指数型-股票,0.9430,0.9430,0.9380,0.9380,0.0050,0.53%,0.9410,0.21%
159621,国泰MSCI中国A股ESG通用ETF行情,指数型-股票,0.9477,0.9477,0.9467,0.9467,0.0010,0.11%,0.9450,0.28%
159622,西藏东财中证沪港深创新药产业ETF行情,指数型-股票,0.9570,0.9570,0.9600,0.9600,-0.0030,-0.31%,0.9540,0.31%
159623,博时成渝经济圈ETF行情,指数型-股票,0.8748,0.8748,0.8760,0.8760,-0.0012,-0.14%,0.8720,0.32%
159625,嘉实国证绿色电力ETF行情,指数型-股票,1.1198,1.1198,1.1215,1.1215,-0.0017,-0.15%,1.1190,0.07%
159627,华夏中证100ETF行情,指数型-股票,1.0006,1.0006,0.9981,0.9981,0.0025,0.25%,1.0000,0.06%
159628,万家国证2000ETF行情,指数型-股票,1.0067,1.0067,1.0003,1.0003,0.0064,0.64%,1.0080,-0.13%
159629,富国中证1000ETF行情,指数型-股票,1.9737,0.9240,1.9639,0.9194,0.0098,0.50%,1.9730,0.04%
159630,汇添富中证100ETF行情,指数型-股票,1.0396,1.0396,1.0369,1.0369,0.0027,0.26%,1.0380,0.15%
159631,招商中证100ETF行情,指数型-股票,0.9090,0.9090,0.9067,0.9067,0.0023,0.25%,0.9070,0.22%
159632,华安纳斯达克100ETF(QDII)行情,QDII,---,---,1.1675,1.1675,---,---,1.1810,---
159633,易方达中证1000ETF行情,指数型-股票,1.9717,0.9299,1.9618,0.9253,0.0099,0.50%,1.9730,-0.07%
159635,华夏中证基建ETF行情,指数型-股票,1.0632,1.0632,1.0427,1.0427,0.0205,1.97%,1.0670,-0.36%
159636,工银瑞信国证港股通科技30ETF行情,指数型-股票,0.8040,0.8040,0.7915,0.7915,0.0125,1.58%,0.8010,0.37%
159637,新能源车龙头ETF行情,指数型-股票,0.7397,0.7397,0.7324,0.7324,0.0073,1.00%,0.7380,0.23%
159638,嘉实中证高端装备细分50ETF行情,指数型-股票,0.8521,0.8521,0.8598,0.8598,-0.0077,-0.90%,0.8510,0.13%
159639,南方中证上海环交所碳中和ETF行情,指数型-股票,0.7795,0.7795,0.7776,0.7776,0.0019,0.24%,0.7790,0.06%
159640,工银瑞信中证上海环交所碳中和ETF行情,指数型-股票,0.7815,0.7815,0.7796,0.7796,0.0019,0.24%,0.7800,0.19%
159641,招商中证上海环交所碳中和ETF行情,指数型-股票,0.7897,0.7897,0.7878,0.7878,0.0019,0.24%,0.7900,-0.04%
159642,大成中证上海环交所碳中和ETF行情,指数型-股票,0.7900,0.7900,0.7885,0.7885,0.0015,0.19%,0.7890,0.13%
159643,国泰国证疫苗与生物科技ETF行情,指数型-股票,0.8351,0.8351,0.8418,0.8418,-0.0067,-0.80%,0.8330,0.25%
159645,富国国证疫苗与生物科技ETF行情,指数型-股票,0.9503,0.9503,0.9579,0.9579,-0.0076,-0.79%,0.9500,0.03%
159646,华泰柏瑞国证疫苗与生物科技ETF行情,指数型-股票,0.8384,0.8384,0.8449,0.8449,-0.0065,-0.77%,0.8380,0.05%
159647,鹏华中证中药ETF行情,指数型-股票,1.2564,1.2564,1.2606,1.2606,-0.0042,-0.33%,1.2570,-0.05%
159649,华安中债1-5年国开债ETF行情,债券型-长债,101.5704,1.0157,101.5493,1.0155,0.0211,0.02%,101.5860,-0.02%
159650,博时中债0-3年国开行ETF行情,债券型-中短债,101.3632,1.0136,101.3406,1.0134,0.0226,0.02%,101.3690,-0.01%
159651,平安中债-0-3年国开行债券ETF行情,债券型-中短债,101.2480,1.0125,101.2321,1.0123,0.0159,0.02%,101.2460,0.00%
159652,汇添富中证细分有色金属产业主题ETF行情,指数型-股票,0.8578,0.8578,0.8591,0.8591,-0.0013,-0.15%,0.8560,0.21%
159653,国联安国证ESG300ETF行情,指数型-股票,0.9477,0.9477,0.9489,0.9489,-0.0012,-0.13%,0.9490,-0.14%
159655,华夏标普500ETF(QDII)行情,QDII,---,---,1.0776,1.0776,---,---,1.0800,---
159656,万家沪深300成长ETF行情,指数型-股票,0.8965,0.8965,0.8947,0.8947,0.0018,0.20%,0.8940,0.28%
159657,鹏华国证疫苗与生物科技ETF行情,指数型-股票,0.8799,0.8799,0.8868,0.8868,-0.0069,-0.78%,0.8800,-0.01%
159658,华安中证数字经济主题ETF行情,指数型-股票,1.1305,1.1305,1.1162,1.1162,0.0143,1.28%,1.1310,-0.04%
159659,招商纳斯达克100ETF(QDII)行情,QDII,---,---,1.1200,1.1200,---,---,1.1320,---
159660,汇添富纳斯达克100ETF行情,QDII,---,---,1.1199,1.1199,---,---,1.1320,---
159662,南方国证交通运输行业ETF行情,指数型-股票,0.9781,0.9781,0.9811,0.9811,-0.0030,-0.31%,0.9760,0.21%
159663,华夏中证机床ETF行情,指数型-股票,0.9712,0.9712,0.9636,0.9636,0.0076,0.79%,0.9700,0.12%
159665,工银瑞信国证半导体芯片ETF行情,指数型-股票,1.0924,1.0924,1.0899,1.0899,0.0025,0.23%,1.0930,-0.05%
159666,华夏中证全指运输ETF行情,指数型-股票,0.9487,0.9487,0.9505,0.9505,-0.0018,-0.19%,0.9460,0.28%
159667,国泰中证机床ETF行情,指数型-股票,0.9585,0.9585,0.9508,0.9508,0.0077,0.81%,0.9590,-0.05%
159669,国泰国证绿色电力ETF行情,指数型-股票,1.0380,1.0380,1.0397,1.0397,-0.0017,-0.16%,1.0350,0.29%
159670,国联安中证消费50ETF行情,指数型-股票,0.9556,0.9556,0.9648,0.9648,-0.0092,-0.95%,0.9530,0.27%
159671,工银瑞信中证稀有金属主题ETF行情,指数型-股票,0.8332,0.8332,0.8353,0.8353,-0.0021,-0.25%,0.8330,0.02%
159672,博时主要消费ETF行情,指数型-股票,0.8863,0.8863,0.8949,0.8949,-0.0086,-0.96%,0.8850,0.15%
159675,嘉实创业板增强策略ETF行情,指数型-股票,0.8870,0.8870,0.8840,0.8840,0.0030,0.34%,0.8850,0.23%
159676,富国创业板增强策略ETF行情,指数型-股票,0.9126,0.9126,0.9111,0.9111,0.0015,0.16%,0.9110,0.18%
159677,银华中证1000增强策略ETF行情,指数型-股票,1.0325,1.0325,1.0296,1.0296,0.0029,0.28%,1.0310,0.15%
159678,博时中证500增强策略ETF行情,指数型-股票,0.9540,0.9540,0.9506,0.9506,0.0034,0.36%,0.9540,0.00%
159679,国泰中证1000增强策略ETF行情,指数型-股票,0.9422,0.9422,0.9395,0.9395,0.0027,0.29%,0.9390,0.34%
159680,招商中证1000增强策略ETF行情,指数型-股票,1.0331,1.0331,1.0312,1.0312,0.0019,0.18%,1.0310,0.20%
159681,鹏华创业板50ETF行情,指数型-股票,0.9125,0.9125,0.9076,0.9076,0.0049,0.54%,0.9100,0.27%
159682,景顺长城创业板50ETF行情,指数型-股票,0.9055,0.9055,0.9005,0.9005,0.0050,0.56%,0.9040,0.17%
159683,嘉实中证内地运输主题ETF行情,指数型-股票,0.9577,0.9577,0.9602,0.9602,-0.0025,-0.26%,0.9550,0.28%
159685,天弘中证1000增强ETF行情,指数型-股票,0.9942,0.9942,0.9872,0.9872,0.0070,0.71%,0.9930,0.12%
159687,南方基金南方东英银河联昌富时亚太低碳精选ETF(QDII)行情,QDII,---,---,1.0263,1.0263,---,---,1.0390,---
159688,华安恒生互联网科技业ETF(QDII)行情,QDII,0.8107,0.8107,0.7934,0.7934,0.0173,2.18%,0.8110,-0.04%
159689,南方中证主要消费ETF行情,指数型-股票,0.8877,0.8877,0.8965,0.8965,-0.0088,-0.98%,0.8880,-0.03%
159691,工银瑞信中证港股通高股息精选ETF行情,指数型-股票,0.9234,0.9234,0.9290,0.9290,-0.0056,-0.60%,0.9220,0.15%
159692,东财中证证券公司30ETF行情,指数型-股票,0.9640,0.9640,0.9630,0.9630,0.0010,0.10%,0.9620,0.21%
159695,嘉实国证通信ETF行情,指数型-股票,1.0103,1.0103,0.9859,0.9859,0.0244,2.47%,1.0050,0.52%
159697,鹏华国证石油天然气ETF行情,指数型-股票,0.9603,0.9603,0.9614,0.9614,-0.0011,-0.11%,0.9590,0.14%
159701,招商中证物联网主题ETF行情,指数型-股票,0.7396,0.7396,0.7272,0.7272,0.0124,1.71%,0.7390,0.08%
159703,天弘中证新材料主题ETF行情,指数型-股票,0.7811,0.7811,0.7820,0.7820,-0.0009,-0.12%,0.7800,0.14%
159706,华安深证100ETF行情,指数型-股票,0.7058,0.7058,0.7039,0.7039,0.0019,0.27%,0.7060,-0.03%
159707,华宝中证800地产ETF行情,指数型-股票,0.8050,0.8050,0.7949,0.7949,0.0101,1.27%,0.8080,-0.37%
159708,西部利得深证红利ETF行情,指数型-股票,0.7213,0.7213,0.7240,0.7240,-0.0027,-0.37%,0.7200,0.18%
159709,工银瑞信深证物联网50ETF行情,指数型-股票,0.8105,0.8105,0.7958,0.7958,0.0147,1.85%,0.8100,0.06%
159710,建信中证智能电动汽车ETF行情,指数型-股票,0.6442,0.6442,0.6348,0.6348,0.0094,1.48%,0.6430,0.19%
159711,华夏中证港股通50ETF行情,指数型-股票,0.9232,0.9232,0.9162,0.9162,0.0070,0.76%,0.9180,0.56%
159712,国泰中证港股通50ETF行情,指数型-股票,0.8702,0.8702,0.8635,0.8635,0.0067,0.78%,0.8680,0.25%
159713,富国中证稀土产业ETF行情,指数型-股票,0.7466,0.7466,0.7461,0.7461,0.0005,0.07%,0.7470,-0.05%
159715,易方达中证稀土产业ETF行情,指数型-股票,0.6645,0.6645,0.6640,0.6640,0.0005,0.08%,0.6640,0.08%
159716,华宝深创100ETF行情,指数型-股票,0.7253,0.7253,0.7189,0.7189,0.0064,0.89%,0.7250,0.04%
159717,鹏华国证ESG300ETF行情,指数型-股票,0.8431,0.8431,0.8443,0.8443,-0.0012,-0.14%,0.8420,0.13%
159718,平安中证港股通医药卫生综合ETF行情,指数型-股票,0.7791,0.7791,0.7696,0.7696,0.0095,1.23%,0.7760,0.40%
159719,平安富时中国国企开放共赢ETF行情,指数型-股票,1.3251,1.3251,1.3145,1.3145,0.0106,0.81%,1.3270,-0.14%
159720,泰康中证智能电动汽车ETF行情,指数型-股票,0.6711,0.6711,0.6612,0.6612,0.0099,1.50%,0.6700,0.16%
159721,永赢深证创新100ETF行情,指数型-股票,0.7142,0.7142,0.7077,0.7077,0.0065,0.92%,0.7140,0.03%
159723,汇添富中证沪港深科技龙头ETF行情,指数型-股票,0.6919,0.6919,0.6846,0.6846,0.0073,1.07%,0.6960,-0.59%
159725,工银瑞信中证线上消费ETF行情,指数型-股票,0.9224,0.9224,0.8857,0.8857,0.0367,4.14%,0.9240,-0.17%
159726,华夏恒生中国内地企业高股息率ETF行情,指数型-股票,0.8187,0.8187,0.8211,0.8211,-0.0024,-0.29%,0.8180,0.09%
159728,南方国证在线消费ETF行情,指数型-股票,0.9421,0.9421,0.9044,0.9044,0.0377,4.17%,0.9410,0.12%
159729,汇添富中证沪港深互联网ETF行情,指数型-股票,0.6874,0.6874,0.6673,0.6673,0.0201,3.01%,0.6890,-0.23%
159730,博时国证龙头家电ETF行情,指数型-股票,0.8293,0.8293,0.8372,0.8372,-0.0079,-0.94%,0.8280,0.16%
159731,华夏中证石化产业ETF行情,指数型-股票,0.6990,0.6990,0.7010,0.7010,-0.0020,-0.29%,0.7000,-0.14%
159732,华夏国证消费电子主题ETF行情,指数型-股票,0.6557,0.6557,0.6509,0.6509,0.0048,0.74%,0.6570,-0.20%
159733,景顺中证消费电子ETF行情,指数型-股票,0.7498,0.7498,0.7419,0.7419,0.0079,1.06%,0.7480,0.24%
159735,银华中证港股通消费主题ETF行情,指数型-股票,0.5896,0.5896,0.5818,0.5818,0.0078,1.34%,0.5870,0.44%
159736,天弘中证食品饮料ETF行情,指数型-股票,0.8524,0.8524,0.8612,0.8612,-0.0088,-1.02%,0.8510,0.16%
159738,华泰柏瑞中证沪港深云计算产业ETF行情,指数型-股票,1.0276,1.0276,0.9960,0.9960,0.0316,3.17%,1.0300,-0.23%
159739,鹏华中证云计算与大数据主题ETF行情,指数型-股票,1.0994,1.0994,1.0545,1.0545,0.0449,4.26%,1.0970,0.22%
159740,大成恒生科技ETF(QDII)行情,QDII,0.4955,0.4955,0.4863,0.4863,0.0092,1.89%,0.4960,-0.10%
159741,嘉实恒生科技ETF(QDII)行情,QDII,0.4948,0.4948,0.4853,0.4853,0.0095,1.96%,0.4940,0.16%
159742,博时恒生科技ETF(QDII)行情,QDII,0.5042,0.5042,0.4947,0.4947,0.0095,1.92%,0.5040,0.04%
159743,博时湖北新旧动能转换ETF行情,指数型-股票,0.8769,0.8769,0.8698,0.8698,0.0071,0.82%,0.8750,0.22%
159745,国泰中证全指建筑材料ETF行情,指数型-股票,0.6944,0.6944,0.6939,0.6939,0.0005,0.07%,0.6950,-0.09%
159747,南方中证香港科技ETF(QDII)行情,QDII,0.9777,0.4889,0.9600,0.4800,0.0177,1.84%,0.9760,0.17%
159748,富国沪港深创新药产业ETF行情,指数型-股票,0.6659,0.6659,0.6680,0.6680,-0.0021,-0.31%,0.6640,0.29%
159750,招商中证香港科技ETF(QDII)行情,QDII,0.7240,0.7240,0.7111,0.7111,0.0129,1.81%,0.7220,0.28%
159751,鹏华中证港股通科技ETF行情,指数型-股票,0.6896,0.6896,0.6782,0.6782,0.0114,1.68%,0.6880,0.23%
159752,申万菱信中证内地新能源主题ETF行情,指数型-股票,0.6713,0.6713,0.6707,0.6707,0.0006,0.09%,0.6710,0.04%
159755,广发国证新能源车电池ETF行情,指数型-股票,0.8066,0.8066,0.7960,0.7960,0.0106,1.33%,0.8060,0.07%
159757,景顺长城国证新能源车电池ETF行情,指数型-股票,0.6540,0.6540,0.6455,0.6455,0.0085,1.32%,0.6540,0.00%
159758,华夏中证红利质量ETF行情,指数型-股票,0.9275,0.9275,0.9264,0.9264,0.0011,0.12%,0.9260,0.16%
159760,泰康国证公共卫生与健康ETF行情,指数型-股票,0.7234,0.7234,0.7319,0.7319,-0.0085,-1.16%,0.7240,-0.08%
159761,国泰中证新材料主题ETF行情,指数型-股票,0.6323,0.6323,0.6326,0.6326,-0.0003,-0.05%,0.6320,0.05%
159763,建信中证新材料主题ETF行情,指数型-股票,0.6202,0.6202,0.6210,0.6210,-0.0008,-0.13%,0.6190,0.19%
159766,富国中证旅游主题ETF行情,指数型-股票,0.8981,0.8981,0.8975,0.8975,0.0006,0.07%,0.8970,0.12%
159767,兴银国证新能源车电池ETF行情,指数型-股票,0.6523,0.6523,0.6438,0.6438,0.0085,1.32%,0.6530,-0.11%
159768,银华中证内地地产主题ETF行情,指数型-股票,0.7484,0.7484,0.7391,0.7391,0.0093,1.26%,0.7480,0.05%
159769,银华中证消费电子主题ETF行情,指数型-股票,0.7655,0.7655,0.7576,0.7576,0.0079,1.04%,0.7630,0.33%
159770,天弘中证机器人ETF行情,指数型-股票,0.8163,0.8163,0.8040,0.8040,0.0123,1.53%,0.8150,0.16%
159773,华泰柏瑞创业板科技ETF行情,指数型-股票,0.7586,0.7586,0.7514,0.7514,0.0072,0.96%,0.7570,0.21%
159775,建信国证新能源车电池ETF行情,指数型-股票,0.6820,0.6820,0.6733,0.6733,0.0087,1.29%,0.6800,0.29%
159776,银华中证港股通医药卫生综合ETF行情,指数型-股票,1.0660,1.0660,1.0525,1.0525,0.0135,1.28%,1.0640,0.19%
159777,国联安创业板科技ETF行情,指数型-股票,0.7347,0.7347,0.7282,0.7282,0.0065,0.89%,0.7320,0.37%
159778,鹏华中证工业互联网主题ETF行情,指数型-股票,0.8447,0.8447,0.8286,0.8286,0.0161,1.94%,0.8440,0.08%
159779,招商中证消费电子主题ETF行情,指数型-股票,0.6643,0.6643,0.6574,0.6574,0.0069,1.05%,0.6620,0.35%
159780,南方中证科创创业50ETF行情,指数型-股票,0.5793,0.5793,0.5753,0.5753,0.0040,0.70%,0.5800,-0.12%
159781,易方达中证科创创业50ETF行情,指数型-股票,0.5750,0.5750,0.5710,0.5710,0.0040,0.70%,0.5740,0.17%
159782,银华中证科创创业50ETF行情,指数型-股票,0.5768,0.5768,0.5729,0.5729,0.0039,0.68%,0.5770,-0.03%
159783,华夏中证科创创业50ETF行情,指数型-股票,0.5819,0.5819,0.5778,0.5778,0.0041,0.71%,0.5800,0.33%
159786,银华中证虚拟现实主题ETF行情,指数型-股票,0.7707,0.7707,0.7556,0.7556,0.0151,2.00%,0.7730,-0.30%
159787,易方达中证全指建筑材料ETF行情,指数型-股票,0.7704,0.7704,0.7700,0.7700,0.0004,0.05%,0.7700,0.05%
159788,易方达中证港股通中国100ETF行情,指数型-股票,0.9008,0.9008,0.8946,0.8946,0.0062,0.69%,0.9020,-0.13%
159789,建信中证饮料主题ETF行情,指数型-股票,0.7857,0.7857,0.7956,0.7956,-0.0099,-1.24%,0.7830,0.34%
159790,华夏中证内地低碳经济主题ETF行情,指数型-股票,0.7051,0.7051,0.7050,0.7050,0.0001,0.01%,0.7040,0.16%
159791,华夏沪深300ESG基准ETF行情,指数型-股票,0.8785,0.8785,0.8771,0.8771,0.0014,0.16%,0.8770,0.17%
159792,富国中证港股通互联网ETF行情,指数型-股票,0.5951,0.5951,0.5826,0.5826,0.0125,2.15%,0.5950,0.02%
159793,平安中证沪港深线上消费主题ETF行情,指数型-股票,0.8558,0.8558,0.8252,0.8252,0.0306,3.71%,0.8530,0.33%
159795,汇添富中证智能汽车主题ETF行情,指数型-股票,0.7989,0.7989,0.7875,0.7875,0.0114,1.45%,0.7980,0.11%
159796,汇添富中证电池主题ETF行情,指数型-股票,0.7575,0.7575,0.7510,0.7510,0.0065,0.87%,0.7560,0.20%
159797,汇添富中证全指医疗器械ETF行情,指数型-股票,0.9685,0.9685,0.9722,0.9722,-0.0037,-0.38%,0.9650,0.36%
159798,易方达中证消费50ETF行情,指数型-股票,0.9314,0.9314,0.9408,0.9408,-0.0094,-1.00%,0.9310,0.04%
159801,广发国证半导体芯片ETF行情,指数型-股票,1.0880,1.0880,1.0854,1.0854,0.0026,0.24%,1.0880,0.00%
159804,国寿安保创精选88ETF行情,指数型-股票,1.2541,1.2541,1.2426,1.2426,0.0115,0.93%,1.2490,0.41%
159805,鹏华中证传媒ETF行情,指数型-股票,1.2312,1.2312,1.1777,1.1777,0.0535,4.54%,1.2300,0.10%
159806,国泰中证新能源汽车ETF行情,指数型-股票,0.6524,1.9572,0.6460,1.9380,0.0064,0.99%,0.6520,0.06%
159807,易方达中证科技50ETF行情,指数型-股票,0.5637,1.1274,0.5581,1.1162,0.0056,1.00%,0.5630,0.12%
159808,融通创业板ETF行情,指数型-股票,0.8317,0.8317,0.8262,0.8262,0.0055,0.67%,0.8300,0.20%
159810,浦银安盛创业板ETF行情,指数型-股票,0.8790,0.8790,0.8735,0.8735,0.0055,0.63%,0.8790,0.00%
159811,博时中证5G产业50ETF行情,指数型-股票,1.0212,1.0212,1.0005,1.0005,0.0207,2.07%,1.0190,0.22%
159812,前海开源黄金ETF行情,商品（不含QDII）,4.3155,1.1105,4.3232,1.1125,-0.0077,-0.18%,4.3150,0.01%
159813,鹏华国证半导体芯片ETF行情,指数型-股票,0.7041,1.0562,0.7024,1.0536,0.0017,0.24%,0.7040,0.01%
159814,西部利得创业板大盘ETF行情,指数型-股票,0.4081,0.8403,0.4076,0.8393,0.0005,0.12%,0.4090,-0.22%
159816,鹏华0-4年地方政府债ETF行情,债券型-长债,106.7074,1.0805,106.6658,1.0801,0.0416,0.04%,105.9500,0.71%
159819,易方达中证人工智能主题ETF行情,指数型-股票,0.8896,0.8896,0.8620,0.8620,0.0276,3.20%,0.8900,-0.04%
159820,天弘中证500ETF行情,指数型-股票,0.9790,0.9790,0.9729,0.9729,0.0061,0.63%,0.9770,0.20%
159821,中银证券创业板ETF行情,指数型-股票,0.8179,0.8179,0.8125,0.8125,0.0054,0.66%,0.8190,-0.13%
159822,银华工银南方东英标普中国新经济ETF(QDII)行情,QDII,---,---,---,---,---,---,0.5990,---
159823,嘉实H股50ETF(QDII)行情,QDII,0.6632,0.6632,0.6540,0.6540,0.0092,1.41%,0.6590,0.63%
159824,博时新能源汽车ETF行情,指数型-股票,0.9797,0.9797,0.9702,0.9702,0.0095,0.98%,0.9770,0.28%
159825,富国中证农业主题ETF行情,指数型-股票,0.7480,0.7480,0.7533,0.7533,-0.0053,-0.70%,0.7460,0.27%
159827,银华中证农业主题ETF行情,指数型-股票,0.7880,0.7880,0.7934,0.7934,-0.0054,-0.68%,0.7860,0.25%
159828,国泰中证医疗ETF行情,指数型-股票,0.5602,0.5602,0.5644,0.5644,-0.0042,-0.74%,0.5600,0.04%
159830,天弘上海金ETF行情,商品（不含QDII）,4.2327,1.1262,4.2418,1.1286,-0.0091,-0.21%,4.2350,-0.05%
159831,嘉实上海金ETF行情,商品（不含QDII）,4.3731,1.1000,4.3825,1.1023,-0.0094,-0.21%,4.3670,0.14%
159834,南方上海金ETF行情,指数型-股票,4.5085,1.1007,4.5181,1.1030,-0.0096,-0.21%,4.5070,0.03%
159835,建信中证创新药产业ETF行情,指数型-股票,0.6887,0.6887,0.6967,0.6967,-0.0080,-1.15%,0.6870,0.25%
159836,天弘创业板300ETF行情,指数型-股票,0.8235,0.8235,0.8169,0.8169,0.0066,0.81%,0.8230,0.06%
159837,易方达中证生物科技主题ETF行情,指数型-股票,0.5570,0.5570,0.5606,0.5606,-0.0036,-0.64%,0.5560,0.18%
159838,博时医药50ETF行情,指数型-股票,0.6870,0.6870,0.6936,0.6936,-0.0066,-0.95%,0.6850,0.29%
159839,汇添富国证生物医药ETF行情,指数型-股票,0.4737,0.4737,0.4774,0.4774,-0.0037,-0.78%,0.4750,-0.27%
159840,工银瑞信国证新能源车电池ETF行情,指数型-股票,0.6419,0.6419,0.6334,0.6334,0.0085,1.34%,0.6420,-0.02%
159841,天弘中证全指证券公司ETF行情,指数型-股票,0.8175,0.8175,0.8161,0.8161,0.0014,0.17%,0.8180,-0.06%
159842,银华中证全指证券公司ETF行情,指数型-股票,0.8577,0.8577,0.8561,0.8561,0.0016,0.19%,0.8590,-0.15%
159843,招商国证食品饮料ETF行情,指数型-股票,0.7627,0.7627,0.7712,0.7712,-0.0085,-1.10%,0.7630,-0.04%
159845,华夏中证1000ETF行情,指数型-股票,2.6330,1.0915,2.6199,1.0861,0.0131,0.50%,2.6330,0.00%
159847,易方达中证医疗ETF行情,指数型-股票,0.5104,0.5104,0.5142,0.5142,-0.0038,-0.74%,0.5090,0.27%
159848,国联安中证全指证券公司ETF行情,指数型-股票,0.7260,0.8999,0.7248,0.8984,0.0012,0.17%,0.7260,0.00%
159849,招商中证生物科技主题ETF行情,指数型-股票,0.5920,0.5920,0.5960,0.5960,-0.0040,-0.67%,0.5920,0.00%
159850,华夏恒生中国企业ETF(QDII)行情,QDII,0.6013,0.6013,0.5957,0.5957,0.0056,0.94%,0.6000,0.22%
159851,华宝中证金融科技主题ETF行情,指数型-股票,1.1414,1.1414,1.1195,1.1195,0.0219,1.96%,1.1400,0.12%
159852,嘉实中证软件服务ETF行情,指数型-股票,0.9566,0.9566,0.9298,0.9298,0.0268,2.88%,0.9570,-0.04%
159853,南方中证科技100ETF行情,指数型-股票,0.8856,0.8856,0.8740,0.8740,0.0116,1.33%,0.8850,0.07%
159855,银华中证影视主题ETF行情,指数型-股票,0.9469,0.9469,0.9229,0.9229,0.0240,2.60%,0.9470,-0.01%
159856,工银瑞信中证沪港深互联网ETF行情,指数型-股票,0.5775,0.5775,0.5604,0.5604,0.0171,3.05%,0.5780,-0.09%
159857,天弘中证光伏产业ETF行情,指数型-股票,1.0051,1.0051,1.0145,1.0145,-0.0094,-0.93%,1.0040,0.11%
159858,南方中证创新药产业ETF行情,指数型-股票,0.6861,0.6861,0.6939,0.6939,-0.0078,-1.12%,0.6840,0.31%
159859,天弘国证生物医药ETF行情,指数型-股票,0.5022,0.5022,0.5061,0.5061,-0.0039,-0.77%,0.5020,0.04%
159861,国泰中证环保产业50ETF行情,指数型-股票,1.0915,1.0915,1.0956,1.0956,-0.0041,-0.37%,1.0900,0.14%
159862,银华中证细分食品饮料产业主题ETF行情,指数型-股票,0.8110,0.8110,0.8207,0.8207,-0.0097,-1.18%,0.8110,0.00%
159863,鹏华中证光伏产业ETF行情,指数型-股票,0.7915,1.1873,0.7989,1.1984,-0.0074,-0.93%,0.7930,-0.19%
159864,国泰中证光伏产业ETF行情,指数型-股票,0.7515,0.7515,0.7585,0.7585,-0.0070,-0.92%,0.7520,-0.07%
159865,国泰中证畜牧养殖ETF行情,指数型-股票,0.6854,0.6854,0.6897,0.6897,-0.0043,-0.62%,0.6840,0.20%
159866,工银瑞信大和日经225ETF(QDII)行情,QDII,0.9053,0.9053,0.8986,0.8986,0.0067,0.75%,0.9040,0.14%
159867,鹏华中证畜牧养殖ETF行情,指数型-股票,0.6881,0.6881,0.6921,0.6921,-0.0040,-0.58%,0.6860,0.31%
159869,华夏中证动漫游戏ETF行情,指数型-股票,---,---,1.3836,1.3836,---,---,1.4700,---
159870,鹏华中证细分化工产业ETF行情,指数型-股票,0.6605,0.6605,0.6633,0.6633,-0.0028,-0.42%,0.6610,-0.08%
159871,银华中证有色金属ETF行情,指数型-股票,1.0397,1.0397,1.0411,1.0411,-0.0014,-0.13%,1.0390,0.07%
159872,鹏华中证车联网主题ETF行情,指数型-股票,0.8600,0.8600,0.8431,0.8431,0.0169,2.00%,0.8580,0.23%
159873,天弘中证全指医疗保健设备与服务ETF行情,指数型-股票,0.7388,0.7388,0.7430,0.7430,-0.0042,-0.57%,0.7390,-0.03%
159875,嘉实中证新能源ETF行情,指数型-股票,0.6652,0.6652,0.6652,0.6652,0.0000,0.00%,0.6660,-0.12%
159876,华宝有色金属ETF行情,指数型-股票,1.0717,1.0717,1.0728,1.0728,-0.0011,-0.10%,1.0720,-0.03%
159877,南方中证全指医疗保健设备与服务ETF行情,指数型-股票,0.7777,0.7777,0.7821,0.7821,-0.0044,-0.56%,0.7750,0.35%
159880,鹏华国证有色金属行业ETF行情,指数型-股票,1.0030,1.0030,1.0038,1.0038,-0.0008,-0.08%,1.0010,0.20%
159881,国泰中证有色金属ETF行情,指数型-股票,0.9785,0.9785,0.9798,0.9798,-0.0013,-0.13%,0.9790,-0.05%
159883,永赢中证全指医疗器械ETF行情,指数型-股票,0.6284,0.6284,0.6308,0.6308,-0.0024,-0.38%,0.6270,0.22%
159885,鹏华中证内地低碳经济主题ETF行情,指数型-股票,0.7299,1.0949,0.7298,1.0947,0.0001,0.01%,0.7300,-0.01%
159886,富国细分机械设备产业主题ETF行情,指数型-股票,0.9193,0.9193,0.9140,0.9140,0.0053,0.58%,0.9180,0.14%
159887,富国中证800银行ETF行情,指数型-股票,0.8850,0.8850,0.8900,0.8900,-0.0050,-0.56%,0.8860,-0.11%
159888,华夏中证智能汽车主题ETF行情,指数型-股票,0.9248,0.9248,0.9115,0.9115,0.0133,1.46%,0.9240,0.09%
159889,国泰中证智能汽车主题ETF行情,指数型-股票,0.8162,0.8162,0.8046,0.8046,0.0116,1.44%,0.8170,-0.10%
159890,招商中证云计算ETF行情,指数型-股票,1.1704,1.1704,1.1220,1.1220,0.0484,4.31%,1.1730,-0.22%
159891,建信中证全指医疗保健设备与服务ETF行情,指数型-股票,0.5880,0.5880,0.5913,0.5913,-0.0033,-0.56%,0.5880,0.00%
159892,华夏恒生香港上市生物科技ETF(QDII)行情,QDII,0.5916,0.5916,0.5834,0.5834,0.0082,1.41%,0.5930,-0.24%
159895,易方达中证物联网主题ETF行情,指数型-股票,0.7912,0.7912,0.7779,0.7779,0.0133,1.71%,0.7910,0.03%
159896,南方中证物联网主题ETF行情,指数型-股票,0.7396,0.7396,0.7270,0.7270,0.0126,1.73%,0.7380,0.22%
159898,招商中证全指医疗器械ETF行情,指数型-股票,0.6406,0.6406,0.6432,0.6432,-0.0026,-0.40%,0.6410,-0.06%
159899,招商中证全指软件ETF行情,指数型-股票,0.9220,0.9220,0.8952,0.8952,0.0268,2.99%,0.9220,0.00%
159901,易方达深证100ETF行情,指数型-股票,2.7824,5.3976,2.7741,5.3819,0.0083,0.30%,2.7780,0.16%
159902,华夏中小企业100ETF行情,指数型-股票,3.5640,3.6840,3.5420,3.6620,0.0220,0.62%,3.5630,0.03%
159903,南方深证成份ETF行情,指数型-股票,1.2751,0.9409,1.2694,0.9366,0.0057,0.45%,1.2740,0.09%
159905,工银深证红利ETF行情,指数型-股票,1.8545,1.8545,1.8613,1.8613,-0.0068,-0.37%,1.8540,0.03%
159906,大成深证成长40ETF行情,指数型-股票,0.9600,0.9600,0.9590,0.9590,0.0010,0.10%,0.9600,0.00%
159907,广发中小企业300ETF行情,指数型-股票,1.5192,1.3803,1.5104,1.3723,0.0088,0.58%,1.5140,0.34%
159908,博时创业板ETF行情,指数型-股票,2.0103,2.0103,1.9969,1.9969,0.0134,0.67%,2.0100,0.01%
159909,招商深证TMT50ETF行情,指数型-股票,0.6236,1.8785,0.6102,1.8381,0.0134,2.20%,0.6240,-0.06%
159910,嘉实深证基本面120ETF行情,指数型-股票,1.9741,1.9741,1.9679,1.9679,0.0062,0.32%,1.9680,0.31%
159912,汇添富深证300ETF行情,指数型-股票,1.4517,1.4517,1.4454,1.4454,0.0063,0.44%,1.4480,0.25%
159913,交银深证300价值ETF行情,指数型-股票,1.9760,1.9760,1.9670,1.9670,0.0090,0.46%,1.9710,0.25%
159915,易方达创业板ETF行情,指数型-股票,2.1584,2.4726,2.1439,2.4560,0.0145,0.68%,2.1550,0.16%
159916,建信深证基本面60ETF行情,指数型-股票,4.3351,2.3619,4.3271,2.3576,0.0080,0.18%,4.3210,0.33%
159918,嘉实中创400ETF行情,指数型-股票,1.8901,1.8901,1.8763,1.8763,0.0138,0.74%,1.8850,0.27%
159919,嘉实沪深300ETF行情,指数型-股票,3.9064,1.7526,3.9025,1.7509,0.0039,0.10%,3.9020,0.11%
159920,华夏恒生ETF(QDII)行情,QDII,1.0710,1.1470,1.0641,1.1401,0.0069,0.65%,1.0710,0.00%
159922,嘉实中证500ETF行情,指数型-股票,6.2236,1.9499,6.1849,1.9377,0.0387,0.63%,6.2230,0.01%
159923,大成中证100ETF行情,指数型-股票,1.6560,1.6560,1.6520,1.6520,0.0040,0.24%,1.6470,0.54%
159925,南方沪深300ETF行情,指数型-股票,1.8897,1.6567,1.8878,1.6551,0.0019,0.10%,1.8890,0.04%
159928,汇添富中证主要消费ETF行情,指数型-股票,0.9276,3.7104,0.9368,3.7472,-0.0092,-0.98%,0.9280,-0.04%
159929,汇添富中证医药卫生ETF行情,指数型-股票,1.5904,1.5904,1.6068,1.6068,-0.0164,-1.02%,1.5870,0.21%
159930,汇添富中证能源ETF行情,指数型-股票,1.1543,1.1543,1.1591,1.1591,-0.0048,-0.41%,1.1560,-0.15%
159931,汇添富中证金融地产ETF行情,指数型-股票,1.4459,1.4459,1.4471,1.4471,-0.0012,-0.08%,1.4430,0.20%
159933,国投瑞银金融地产ETF行情,指数型-股票,2.1786,2.1786,2.1824,2.1824,-0.0038,-0.17%,2.1740,0.21%
159934,易方达黄金ETF行情,商品（不含QDII）,4.2589,1.7350,4.2664,1.7381,-0.0075,-0.18%,4.2550,0.09%
159935,景顺长城中证500ETF行情,指数型-股票,1.8567,1.8567,1.8450,1.8450,0.0117,0.63%,1.8530,0.20%
159936,广发中证全指可选消费ETF行情,指数型-股票,1.5771,1.5771,1.5752,1.5752,0.0019,0.12%,1.5760,0.07%
159937,博时黄金ETF行情,商品（不含QDII）,4.3019,1.6892,4.3094,1.6921,-0.0075,-0.17%,4.2960,0.14%
159938,广发中证全指医药卫生ETF行情,指数型-股票,0.7691,1.5382,0.7770,1.5540,-0.0079,-1.02%,0.7680,0.14%
159939,广发中证全指信息技术ETF行情,指数型-股票,0.5903,1.1806,0.5803,1.1606,0.0100,1.72%,0.5920,-0.29%
159940,广发中证全指金融地产ETF行情,指数型-股票,0.9152,0.9152,0.9154,0.9154,-0.0002,-0.02%,0.9170,-0.20%
159941,广发纳斯达克100ETF行情,QDII,---,---,0.7719,3.0876,---,---,0.7800,---
159943,大成深证成份ETF行情,指数型-股票,1.1140,0.8640,1.1090,0.8600,0.0050,0.45%,1.1140,0.00%
159944,广发中证全指原材料ETF行情,指数型-股票,0.9439,0.9439,0.9475,0.9475,-0.0036,-0.38%,0.9430,0.10%
159945,广发中证全指能源ETF行情,指数型-股票,0.9683,0.9683,0.9701,0.9701,-0.0018,-0.19%,0.9680,0.03%
159948,南方创业板ETF行情,指数型-股票,2.3797,1.1694,2.3636,1.1615,0.0161,0.68%,2.3750,0.20%
159949,华安创业板50ETF行情,指数型-股票,0.9351,0.9351,0.9299,0.9299,0.0052,0.56%,0.9350,0.01%
159952,广发创业板ETF行情,指数型-股票,1.3090,1.3090,1.3002,1.3002,0.0088,0.68%,1.3060,0.23%
159954,南方恒生中国企业ETF行情,指数型-股票,0.6705,0.6705,0.6649,0.6649,0.0056,0.84%,0.6700,0.07%
159956,建信创业板ETF行情,指数型-股票,1.3514,1.3514,1.3425,1.3425,0.0089,0.66%,1.3500,0.10%
159957,华夏创业板ETF行情,指数型-股票,1.4128,1.4128,1.4033,1.4033,0.0095,0.68%,1.4100,0.20%
159958,工银瑞信创业板ETF行情,指数型-股票,1.2944,1.2944,1.2858,1.2858,0.0086,0.67%,1.2920,0.19%
159959,银华中证央企结构调整ETF行情,指数型-股票,1.3655,1.3655,1.3475,1.3475,0.0180,1.34%,1.3660,-0.04%
159960,平安港股通恒生中国企业ETF行情,指数型-股票,0.6780,0.7680,0.6725,0.7625,0.0055,0.82%,0.6770,0.15%
159961,方正富邦深证100ETF行情,指数型-股票,1.6541,1.6541,1.6494,1.6494,0.0047,0.28%,1.6330,1.28%
159964,平安创业板ETF行情,指数型-股票,1.3942,1.3942,1.3849,1.3849,0.0093,0.67%,1.3950,-0.06%
159965,中融央视财经50ETF行情,指数型-股票,1.3123,1.3123,1.3104,1.3104,0.0019,0.14%,1.3040,0.63%
159966,华夏创业板价值ETF行情,指数型-股票,0.4798,1.4761,0.4793,1.4746,0.0005,0.10%,0.4790,0.17%
159967,华夏创成长ETF行情,指数型-股票,0.5321,1.9360,0.5300,1.9283,0.0021,0.40%,0.5320,0.02%
159968,博时中证500ETF行情,指数型-股票,7.0959,1.3988,7.0521,1.3902,0.0438,0.62%,7.0840,0.17%
159969,银华深证100ETF行情,指数型-股票,1.1966,1.1966,1.1932,1.1932,0.0034,0.28%,1.1930,0.30%
159970,工银瑞信深证100ETF行情,指数型-股票,4.7415,1.0378,4.7285,1.0350,0.0130,0.27%,4.7280,0.28%
159971,富国创业板ETF行情,指数型-股票,1.5103,1.5103,1.5003,1.5003,0.0100,0.67%,1.5060,0.28%
159972,鹏华中证5年地债ETF行情,债券型-长债,114.5940,1.1481,114.5463,1.1477,0.0477,0.04%,113.9560,0.56%
159973,弘毅远方民企领先100ETF行情,指数型-股票,1.3104,1.3104,1.3082,1.3082,0.0022,0.17%,1.3190,-0.66%
159974,富国央企创新ETF行情,指数型-股票,1.4769,1.4769,1.4484,1.4484,0.0285,1.97%,1.4770,-0.01%
159975,招商深证100ETF行情,指数型-股票,0.5588,1.2769,0.5571,1.2730,0.0017,0.31%,0.5570,0.32%
159976,工银粤港澳大湾区创新100ETF行情,指数型-股票,0.9505,0.9505,0.9478,0.9478,0.0027,0.28%,0.9480,0.26%
159977,天弘创业板ETF行情,指数型-股票,2.2562,1.3306,2.2409,1.3216,0.0153,0.68%,2.2540,0.10%
159980,大成有色金属期货ETF行情,商品（不含QDII）,1.4714,1.4714,1.4660,1.4660,0.0054,0.37%,1.4650,0.43%
159981,建信易盛能源化工期货ETF行情,商品（不含QDII）,1.4054,1.4054,1.4091,1.4091,-0.0037,-0.26%,1.3910,1.02%
159982,鹏华中证500ETF行情,指数型-股票,1.4537,1.4537,1.4449,1.4449,0.0088,0.61%,1.4530,0.05%
159983,华夏粤港澳大湾区创新100ETF行情,指数型-股票,1.0445,1.0445,1.0415,1.0415,0.0030,0.29%,1.0430,0.14%
159984,南方粤港澳大湾区ETF行情,指数型-股票,0.9703,0.9703,0.9676,0.9676,0.0027,0.28%,0.9680,0.24%
159985,华夏饲料豆粕期货ETF行情,商品（不含QDII）,1.7300,1.7300,1.7481,1.7481,-0.0181,-1.04%,1.7280,0.12%
159987,银华中证研发创新100ETF行情,指数型-股票,1.4692,1.4692,1.4478,1.4478,0.0214,1.48%,1.4680,0.08%
159990,银华巨潮小盘价值ETF行情,指数型-股票,1.2571,1.2571,1.2517,1.2517,0.0054,0.43%,1.2570,0.01%
159991,招商创业板大盘ETF行情,指数型-股票,0.4487,1.2743,0.4481,1.2726,0.0006,0.13%,0.4490,-0.07%
159992,银华中证创新药产业ETF行情,指数型-股票,0.8859,0.8859,0.8960,0.8960,-0.0101,-1.13%,0.8850,0.10%
159993,鹏华国证证券龙头ETF行情,指数型-股票,0.9631,0.9631,0.9617,0.9617,0.0014,0.15%,0.9640,-0.09%
159994,银华中证5G通信主题ETF行情,指数型-股票,0.7832,0.7832,0.7662,0.7662,0.0170,2.22%,0.7820,0.15%
159995,华夏国证半导体芯片ETF行情,指数型-股票,1.0950,1.0950,1.0924,1.0924,0.0026,0.24%,1.0950,0.00%
159996,国泰中证全指家电ETF行情,指数型-股票,1.0611,1.0611,1.0689,1.0689,-0.0078,-0.73%,1.0620,-0.08%
159997,天弘中证电子ETF行情,指数型-股票,0.9803,0.9803,0.9665,0.9665,0.0138,1.43%,0.9800,0.03%
159998,天弘中证计算机ETF行情,指数型-股票,0.9778,0.9778,0.9475,0.9475,0.0303,3.20%,0.9800,-0.22%
510010,交银上证180公司治理ETF行情,指数型-股票,1.3830,1.5400,1.3850,1.5420,-0.0020,-0.14%,1.3820,0.07%
510020,博时上证超大盘ETF行情,指数型-股票,2.7119,1.0002,2.7228,1.0042,-0.0109,-0.40%,2.7120,0.00%
510030,华宝上证180价值ETF行情,指数型-股票,0.8050,2.2050,0.8040,2.2020,0.0010,0.12%,0.8070,-0.25%
510050,华夏上证50ETF行情,指数型-股票,2.5390,3.7430,2.5520,3.7590,-0.0130,-0.51%,2.5410,-0.08%
510060,工银上证央企ETF行情,指数型-股票,2.0601,1.3177,2.0555,1.3148,0.0046,0.22%,2.0530,0.34%
510090,建信责任ETF行情,指数型-股票,2.2715,2.7099,2.2658,2.7031,0.0057,0.25%,2.2700,0.07%
510100,易方达上证50ETF行情,指数型-股票,1.2678,1.0623,1.2744,1.0678,-0.0066,-0.52%,1.2690,-0.09%
510110,海富通上证周期ETF行情,指数型-股票,3.6818,1.4775,3.6930,1.4820,-0.0112,-0.30%,3.6810,0.02%
510120,海富通上证非周期ETF行情,指数型-股票,3.5130,1.4799,3.5107,1.4789,0.0023,0.07%,3.5050,0.23%
510130,中盘ETF行情,指数型-股票,5.4424,1.8719,5.4249,1.8659,0.0175,0.32%,5.4240,0.34%
510150,招商上证消费80ETF行情,指数型-股票,0.5720,2.2622,0.5748,2.2733,-0.0028,-0.49%,0.5720,0.00%
510160,中证南方小康产业指数ETF行情,指数型-股票,0.7276,1.8102,0.7244,1.8022,0.0032,0.44%,0.7270,0.08%
510170,国联安上证商品ETF行情,指数型-股票,0.7990,0.9910,0.8030,0.9960,-0.0040,-0.50%,0.7970,0.25%
510180,华安上证180ETF行情,指数型-股票,3.4302,3.7378,3.4359,3.7431,-0.0057,-0.17%,3.4270,0.09%
510190,华安上证50ETF行情,指数型-股票,3.3879,1.2983,3.4054,1.3050,-0.0175,-0.51%,3.3810,0.20%
510200,汇安上证证券ETF行情,指数型-股票,1.0258,1.0258,1.0215,1.0215,0.0043,0.42%,1.0270,-0.12%
510210,上证综指ETF行情,指数型-股票,0.9490,1.6240,0.9490,1.6240,0.0000,0.00%,0.9500,-0.11%
510230,国泰上证180金融ETF行情,指数型-股票,0.9851,1.7028,0.9875,1.7062,-0.0024,-0.24%,0.9850,0.01%
510270,中银上证国企100ETF行情,指数型-股票,1.2260,1.4310,1.2270,1.4320,-0.0010,-0.08%,1.2250,0.08%
510290,南方上证380ETF行情,指数型-股票,1.9871,1.9871,1.9808,1.9808,0.0063,0.32%,1.9840,0.16%
510300,华泰柏瑞沪深300ETF行情,指数型-股票,3.8381,1.6463,3.8343,1.6449,0.0038,0.10%,3.8380,0.00%
510310,易方达沪深300发起式ETF行情,指数型-股票,1.8297,1.8297,1.8279,1.8279,0.0018,0.10%,1.8300,-0.02%
510330,华夏沪深300ETF行情,指数型-股票,3.8410,1.8646,3.8372,1.8630,0.0038,0.10%,3.8390,0.05%
510350,工银瑞信沪深300ETF行情,指数型-股票,4.0380,1.0590,4.0340,1.0580,0.0040,0.10%,4.0330,0.12%
510360,广发沪深300ETF行情,指数型-股票,1.3620,1.3620,1.3606,1.3606,0.0014,0.10%,1.3610,0.07%
510370,兴业沪深300ETF行情,指数型-股票,0.8168,0.8168,0.8165,0.8165,0.0003,0.04%,0.8190,-0.27%
510380,国寿安保沪深300ETF行情,指数型-股票,1.0523,1.0523,1.0512,1.0512,0.0011,0.10%,1.0500,0.22%
510390,平安沪深300ETF行情,指数型-股票,3.9698,1.0763,3.9658,1.0754,0.0040,0.10%,3.9640,0.15%
510410,博时上证自然资源ETF行情,指数型-股票,1.0689,1.0689,1.0711,1.0711,-0.0022,-0.21%,1.0700,-0.10%
510500,南方中证500ETF行情,指数型-股票,6.1044,1.9600,6.0666,1.9479,0.0378,0.62%,6.0990,0.09%
510510,广发中证500ETF行情,指数型-股票,1.8388,1.8388,1.8274,1.8274,0.0114,0.62%,1.8370,0.10%
510530,工银中证500ETF行情,指数型-股票,6.2348,1.2054,6.1961,1.1979,0.0387,0.62%,6.2320,0.04%
510550,方正富邦中证500ETF行情,指数型-股票,1.4962,1.4962,1.4872,1.4872,0.0090,0.61%,1.4940,0.15%
510560,国寿安保中证500ETF行情,指数型-股票,1.3570,0.6283,1.3487,0.6245,0.0083,0.62%,1.3440,0.96%
510570,兴业中证500ETF行情,指数型-股票,0.9138,0.9138,0.9089,0.9089,0.0049,0.54%,0.9070,0.74%
510580,易方达中证500ETF行情,指数型-股票,0.7259,1.1186,0.7215,1.1118,0.0044,0.61%,0.7240,0.26%
510590,平安中证500ETF行情,指数型-股票,6.2666,1.1624,6.2278,1.1560,0.0388,0.62%,6.2450,0.34%
510600,申万菱信上证50ETF行情,指数型-股票,3.0860,1.2574,3.1018,1.2639,-0.0158,-0.51%,3.0920,-0.19%
510630,华夏消费ETF行情,指数型-股票,1.0693,4.2772,1.0798,4.3192,-0.0105,-0.97%,1.0680,0.12%
510650,上证金融地产发起式ETF行情,指数型-股票,2.0131,2.0131,2.0190,2.0190,-0.0059,-0.29%,2.0140,-0.04%
510660,华夏医药ETF行情,指数型-股票,2.6141,2.6141,2.6249,2.6249,-0.0108,-0.41%,2.6070,0.27%
510680,万家上证50ETF行情,指数型-股票,2.4892,2.4892,2.5021,2.5021,-0.0129,-0.52%,2.4910,-0.07%
510710,博时上证50ETF行情,指数型-股票,3.2565,1.0067,3.2732,1.0119,-0.0167,-0.51%,3.2570,-0.02%
510760,国泰上证综合交易ETF行情,指数型-股票,1.0559,1.0559,1.0562,1.0562,-0.0003,-0.03%,1.0560,-0.01%
510770,申万菱信上证G60创新ETF行情,指数型-股票,0.6922,0.6922,0.6947,0.6947,-0.0025,-0.36%,0.6870,0.75%
510800,建信上证50ETF行情,指数型-股票,1.0994,1.0994,1.1051,1.1051,-0.0057,-0.52%,1.1010,-0.15%
510810,汇添富中证上海国企ETF行情,指数型-股票,0.8062,0.8362,0.8031,0.8331,0.0031,0.39%,0.8070,-0.10%
510850,工银瑞信上证50ETF行情,指数型-股票,2.7338,1.1402,2.7473,1.1458,-0.0135,-0.49%,2.7340,-0.01%
510880,华泰柏瑞上证红利ETF行情,指数型-股票,3.0181,2.7378,3.0223,2.7406,-0.0042,-0.14%,3.0210,-0.10%
510900,易方达恒生国企ETF行情,QDII,0.7621,0.8121,0.7550,0.8050,0.0071,0.94%,0.7620,0.01%
510990,工银瑞信中证180ESGETF行情,指数型-股票,0.8178,0.8178,0.8196,0.8196,-0.0018,-0.22%,0.8180,-0.02%
511010,国泰上证5年期国债ETF行情,债券型-长债,131.1810,1.3250,131.1560,1.3240,0.0250,0.02%,131.1500,0.02%
511020,平安中证5-10年国债活跃券ETF行情,债券型-长债,108.9345,1.1423,108.9292,1.1423,0.0053,0.00%,108.9330,0.00%
511030,平安中债债利差因子ETF行情,债券型-长债,10.5100,1.1300,10.5090,1.1299,0.0010,0.01%,10.4870,0.22%
511060,海富通上证5年期ETF行情,债券型-长债,103.4429,1.1279,103.3860,1.1274,0.0569,0.06%,102.6970,0.72%
511090,鹏扬中债-30年期国债ETF行情,债券型-长债,---,---,---,---,---,---,---,---
511180,海富通上证投资级可转债ETF行情,债券型-可转债,10.5679,1.0568,10.5860,1.0586,-0.0181,-0.17%,10.5720,-0.04%
511220,海富通上证城投债ETF行情,债券型-长债,9.8923,1.3555,9.8912,1.3554,0.0011,0.01%,9.8790,0.13%
511260,国泰上证10年期国债ETF行情,债券型-长债,121.6060,1.2160,121.6000,1.2160,0.0060,0.00%,121.4650,0.12%
511270,海富通上证10年期ETF行情,债券型-长债,109.6488,1.2347,109.6214,1.2344,0.0274,0.02%,108.8590,0.72%
511360,海富通中证短融ETF行情,债券型-中短债,107.3177,1.0732,107.3081,1.0731,0.0096,0.01%,107.3110,0.01%
511380,博时可转债ETF行情,债券型-可转债,11.2647,1.1265,11.2792,1.1279,-0.0145,-0.13%,11.2830,-0.16%
511520,富国中债7-10年政策性金融债ETF行情,债券型-长债,101.8236,1.0182,101.8184,1.0182,0.0052,0.01%,101.8050,0.02%
511580,招商中证政策性金融债3-5年ETF行情,债券型-长债,102.1771,1.0218,102.1628,1.0216,0.0143,0.01%,102.1120,0.06%
512000,华宝券商ETF行情,指数型-股票,0.8599,0.8599,0.8584,0.8584,0.0015,0.17%,0.8600,-0.01%
512010,易方达沪深300医药ETF行情,指数型-股票,0.4469,1.7876,0.4516,1.8064,-0.0047,-1.04%,0.4470,-0.02%
512040,富国中证价值ETF行情,指数型-股票,1.8349,1.8349,1.8225,1.8225,0.0124,0.68%,1.8330,0.10%
512070,易方达沪深300非银ETF行情,指数型-股票,0.6322,1.8966,0.6317,1.8951,0.0005,0.08%,0.6350,-0.44%
512090,易方达MSCI中国A股ETF行情,指数型-股票,1.4612,1.4612,1.4606,1.4606,0.0006,0.04%,1.4600,0.08%
512100,南方中证1000ETF行情,指数型-股票,2.6290,0.9610,2.6159,0.9562,0.0131,0.50%,2.6280,0.04%
512120,华安中证细分医药ETF行情,指数型-股票,0.5000,1.5000,0.5050,1.5150,-0.0050,-0.99%,0.4990,0.20%
512150,汇安富时中国A50ETF行情,指数型-股票,1.4520,1.4520,1.4566,1.4566,-0.0046,-0.32%,1.4570,-0.34%
512160,南方MSCI中国A股国际通ETF行情,指数型-股票,1.1184,1.4084,1.1180,1.4080,0.0004,0.04%,1.1170,0.13%
512170,华宝中证医疗ETF行情,指数型-股票,0.4481,1.3443,0.4515,1.3545,-0.0034,-0.75%,0.4480,0.02%
512180,建信MSCI中国A股国际通ETF行情,指数型-股票,1.3559,1.3559,1.3552,1.3552,0.0007,0.05%,1.3550,0.07%
512190,浙商之江凤凰ETF行情,指数型-股票,1.7151,1.7151,1.7191,1.7191,-0.0040,-0.23%,1.7100,0.30%
512200,南方中证房地产ETF行情,指数型-股票,0.6151,0.6151,0.6073,0.6073,0.0078,1.28%,0.6160,-0.15%
512220,景顺中证科技传媒通信150ETF行情,指数型-股票,1.5562,1.5562,1.5232,1.5232,0.0330,2.17%,1.5640,-0.50%
512260,华安中证低波动ETF行情,指数型-股票,1.5705,1.5705,1.5581,1.5581,0.0124,0.80%,1.5660,0.29%
512280,景顺MSCI中国A股ETF行情,指数型-股票,1.4164,1.4164,1.4158,1.4158,0.0006,0.04%,1.4140,0.17%
512290,国泰中证生物医药ETF行情,指数型-股票,1.1554,1.1554,1.1645,1.1645,-0.0091,-0.78%,1.1540,0.12%
512320,工银MSCI中国ETF行情,指数型-股票,0.8658,0.8658,0.8655,0.8655,0.0003,0.03%,0.8640,0.21%
512330,南方中证500信息技术ETF行情,指数型-股票,0.9914,0.9914,0.9712,0.9712,0.0202,2.08%,0.9920,-0.06%
512360,平安MSCI中国A股国际ETF行情,指数型-股票,1.4612,1.4612,1.4602,1.4602,0.0010,0.07%,1.4490,0.83%
512380,银华MSCI中国A股ETF行情,指数型-股票,1.2669,1.2669,1.2663,1.2663,0.0006,0.05%,1.2670,-0.01%
512390,平安MSCI中国A股ETF行情,指数型-股票,1.2092,1.3562,1.2164,1.3634,-0.0072,-0.59%,1.2050,0.35%
512400,南方中证申万有色金属ETF行情,指数型-股票,1.0279,1.0279,1.0296,1.0296,-0.0017,-0.17%,1.0260,0.18%
512480,国联安中证半导体ETF行情,指数型-股票,0.9410,1.8820,0.9361,1.8722,0.0049,0.52%,0.9410,0.00%
512500,华夏中证500ETF行情,指数型-股票,3.2408,0.7094,3.2213,0.7051,0.0195,0.61%,3.2390,0.06%
512510,华泰柏瑞中证500ETF行情,指数型-股票,1.6200,0.8173,1.6099,0.8123,0.0101,0.63%,1.6180,0.12%
512520,华泰MSCI中国A股国际通ETF行情,指数型-股票,1.1380,1.4680,1.1369,1.4669,0.0011,0.10%,1.1350,0.26%
512530,建信沪深300红利ETF行情,指数型-股票,1.2282,1.2282,1.2304,1.2304,-0.0022,-0.18%,1.2270,0.10%
512550,嘉实富时中国A50ETF行情,指数型-股票,1.3318,1.3318,1.3361,1.3361,-0.0043,-0.32%,1.3330,-0.09%
512560,易方达中证军工ETF行情,指数型-股票,0.6406,1.2812,0.6450,1.2900,-0.0044,-0.68%,0.6410,-0.06%
512570,易方达中证全指证券公司ETF行情,指数型-股票,0.8915,0.8915,0.8899,0.8899,0.0016,0.18%,0.8920,-0.06%
512580,广发中证环保ETF行情,指数型-股票,1.2277,1.2277,1.2290,1.2290,-0.0013,-0.11%,1.2240,0.30%
512600,嘉实中证主要消费ETF行情,指数型-股票,0.7825,3.9125,0.7900,3.9500,-0.0075,-0.95%,0.7810,0.19%
512640,嘉实中证金融地产ETF行情,指数型-股票,1.8082,1.8082,1.8097,1.8097,-0.0015,-0.08%,1.8030,0.29%
512650,添富中证长三角ETF行情,指数型-股票,0.9673,0.9673,0.9643,0.9643,0.0030,0.31%,0.9650,0.24%
512660,国泰中证军工ETF行情,指数型-股票,1.0728,1.0728,1.0801,1.0801,-0.0073,-0.68%,1.0720,0.07%
512670,鹏华中证国防ETF行情,指数型-股票,0.7902,1.5804,0.8023,1.6046,-0.0121,-1.51%,0.7900,0.03%
512680,广发中证军工ETF行情,指数型-股票,1.0997,1.0997,1.1073,1.1073,-0.0076,-0.69%,1.0960,0.34%
512690,鹏华中证酒ETF行情,指数型-股票,0.7739,2.2478,0.7839,2.2678,-0.0100,-1.28%,0.7750,-0.14%
512700,南方中证银行ETF行情,指数型-股票,1.1458,1.2458,1.1521,1.2521,-0.0063,-0.55%,1.1450,0.07%
512710,富国中证军工龙头ETF行情,指数型-股票,0.6728,1.3456,0.6812,1.3624,-0.0084,-1.23%,0.6720,0.12%
512720,国泰中证计算机ETF行情,指数型-股票,1.2823,1.2823,1.2429,1.2429,0.0394,3.17%,1.2810,0.10%
512730,鹏华中证银行ETF行情,指数型-股票,1.1135,1.1135,1.1195,1.1195,-0.0060,-0.54%,1.1120,0.13%
512750,嘉实中证锐联基本面ETF行情,指数型-股票,1.1478,1.1478,1.1453,1.1453,0.0025,0.22%,1.1460,0.16%
512760,国泰CES半导体芯片ETF行情,指数型-股票,1.0718,2.1436,1.0670,2.1340,0.0048,0.45%,1.0730,-0.11%
512770,华夏战略新兴成指ETF行情,指数型-股票,1.4249,1.4249,1.4179,1.4179,0.0070,0.49%,1.4280,-0.22%
512800,华宝中证银行ETF行情,指数型-股票,1.0815,1.0815,1.0874,1.0874,-0.0059,-0.54%,1.0820,-0.05%
512810,华宝中证军工ETF行情,指数型-股票,1.2070,1.2070,1.2152,1.2152,-0.0082,-0.67%,1.2050,0.17%
512820,汇添富中证银行ETF行情,指数型-股票,1.0952,1.0952,1.1012,1.1012,-0.0060,-0.54%,1.0940,0.11%
512870,南华中证杭州湾区ETF行情,指数型-股票,1.3624,1.3624,1.3622,1.3622,0.0002,0.01%,1.3550,0.54%
512880,国泰中证全指证券公司ETF行情,指数型-股票,0.8973,0.8973,0.8956,0.8956,0.0017,0.19%,0.8970,0.03%
512890,华泰柏瑞中证低波动ETF行情,指数型-股票,0.9291,1.8582,0.9255,1.8510,0.0036,0.39%,0.9310,-0.20%
512900,南方中证全指证券公司ETF行情,指数型-股票,0.8914,0.8914,0.8898,0.8898,0.0016,0.18%,0.8920,-0.07%
512910,广发中证100ETF行情,指数型-股票,1.0997,1.0997,1.0968,1.0968,0.0029,0.26%,1.0970,0.25%
512930,平安人工智能ETF行情,指数型-股票,1.3450,1.4950,1.3036,1.4536,0.0414,3.18%,1.3470,-0.15%
512950,华夏中证央企ETF行情,指数型-股票,1.2772,1.2772,1.2600,1.2600,0.0172,1.37%,1.2770,0.02%
512960,博时央企结构调整ETF行情,指数型-股票,1.2377,1.2765,1.2213,1.2601,0.0164,1.34%,1.2360,0.14%
512970,平安粤港澳大湾区ETF行情,指数型-股票,1.1174,1.1174,1.1144,1.1144,0.0030,0.27%,1.1160,0.13%
512980,广发中证传媒ETF行情,指数型-股票,0.8999,0.8999,0.8601,0.8601,0.0398,4.63%,0.9000,-0.01%
512990,华夏MSCIA股国际通ETF行情,指数型-股票,1.5028,1.5028,1.5023,1.5023,0.0005,0.03%,1.5010,0.12%
513000,易方达日经225ETF行情,QDII,1.2097,1.2097,1.2015,1.2015,0.0082,0.68%,1.2160,-0.52%
513010,易方达恒生科技(QDII-ETF)行情,QDII,0.5052,0.5052,0.4957,0.4957,0.0095,1.92%,0.5060,-0.16%
513020,国泰中证港股通科技ETF行情,指数型-股票,0.7372,0.7372,0.7246,0.7246,0.0126,1.74%,0.7350,0.30%
513030,华安德国(DAX)ETF(QDII)行情,QDII,---,---,1.1920,1.1920,---,---,1.2010,---
513050,易方达中概互联50ETF行情,QDII,---,---,0.9029,0.9029,---,---,0.9950,---
513060,博时恒生医疗保健(QDII-ETF)行情,QDII,0.5074,0.5074,0.5005,0.5005,0.0069,1.38%,0.5060,0.28%
513070,易方达中证港股通消费主题ETF行情,指数型-股票,0.9204,0.9204,0.9079,0.9079,0.0125,1.38%,0.9170,0.37%
513080,华安法国CAC40ETF(QDII)行情,QDII,---,---,1.4469,1.4469,---,---,1.4500,---
513090,易方达中证香港证券投资ETF行情,指数型-股票,1.0858,1.0858,1.0820,1.0820,0.0038,0.35%,1.0860,-0.02%
513100,国泰纳斯达克100ETF行情,QDII,---,---,1.0230,5.1150,---,---,1.0350,---
513110,华泰柏瑞纳斯达克100ETF(QDII)行情,QDII,---,---,1.1753,1.1753,---,---,1.1870,---
513120,广发中证香港创新药ETF(QDII)行情,QDII,0.8417,0.8417,0.8300,0.8300,0.0117,1.41%,0.8420,-0.04%
513130,华泰柏瑞南方东英恒生科技(QDII-ETF)行情,QDII,0.4970,0.4970,0.4864,0.4864,0.0106,2.18%,0.4950,0.40%
513140,华泰柏瑞中证香港300金融服务ETF(QDII)行情,QDII,0.9947,0.9947,0.9931,0.9931,0.0016,0.16%,0.9920,0.27%
513150,华泰柏瑞港股通科技ETF行情,指数型-股票,0.7549,0.7549,0.7419,0.7419,0.0130,1.75%,0.7540,0.12%
513160,银华恒生港股通中国科技ETF行情,指数型-股票,0.7395,0.7395,0.7280,0.7280,0.0115,1.58%,0.7390,0.07%
513180,华夏恒生科技ETF(QDII)行情,QDII,0.4966,0.4966,0.4872,0.4872,0.0094,1.93%,0.4970,-0.08%
513200,易方达中证港股通医药卫生综合ETF行情,指数型-股票,0.8922,0.8922,0.8808,0.8808,0.0114,1.29%,0.8920,0.02%
513220,招商中证全球中国互联网ETF(QDII)行情,QDII,---,---,0.8254,0.8254,---,---,0.8350,---
513230,华夏中证港股通消费主题ETF行情,指数型-股票,0.7353,0.7353,0.7253,0.7253,0.0100,1.38%,0.7320,0.45%
513260,汇添富恒生科技ETF(QDII)行情,QDII,0.9417,0.9417,0.9239,0.9239,0.0178,1.93%,0.9430,-0.14%
513280,汇添富恒生香港上市生物科技ETF(QDII)行情,QDII,0.8432,0.8432,0.8316,0.8316,0.0116,1.39%,0.8430,0.02%
513290,汇添富纳斯达克生物科技ETF(QDII)行情,QDII,---,---,1.0554,1.0554,---,---,1.0660,---
513300,华夏纳斯达克100ETF(QDII)行情,QDII,---,---,1.2727,1.2727,---,---,1.2910,---
513310,华泰柏瑞中韩半导体ETF(QDII)行情,QDII,1.1673,1.1673,1.1516,1.1516,0.0157,1.36%,1.1670,0.03%
513320,易方达恒生港股通新经济ETF行情,指数型-股票,0.9117,0.9117,0.8992,0.8992,0.0125,1.39%,0.9110,0.08%
513330,华夏恒生互联网科技业ETF(QDII)行情,QDII,0.3950,0.3950,0.3860,0.3860,0.0090,2.33%,0.3990,-1.01%
513360,博时全球中国教育(QDII-ETF)行情,QDII,---,---,0.5156,0.5156,---,---,0.5250,---
513380,广发恒生科技(QDII-ETF)行情,QDII,0.9092,0.9092,0.8925,0.8925,0.0167,1.87%,0.9100,-0.09%
513390,博时纳斯达克100ETF(QDII)行情,QDII,---,---,1.1303,1.1303,---,---,1.1430,---
513500,博时标普500ETF行情,QDII,---,---,1.3985,2.7970,---,---,1.4130,---
513520,华夏野村日经225ETF行情,QDII,1.1960,1.1960,1.1909,1.1909,0.0051,0.43%,1.2010,-0.42%
513530,华泰柏瑞中证港股通高股息投资ETF(QDII)行情,QDII,1.1086,1.1086,1.1156,1.1156,-0.0070,-0.63%,1.1080,0.05%
513550,华泰柏瑞中证港股通50ETF行情,指数型-股票,0.7727,0.7727,0.7668,0.7668,0.0059,0.77%,0.7710,0.22%
513560,兴银中证港股通科技ETF行情,指数型-股票,0.8755,0.8755,0.8608,0.8608,0.0147,1.71%,0.8770,-0.17%
513580,华安恒生科技(QDII-ETF)行情,QDII,0.4996,0.4996,0.4902,0.4902,0.0094,1.92%,0.4980,0.32%
513590,鹏华中证港股通消费主题ETF行情,指数型-股票,0.6692,0.6692,0.6608,0.6608,0.0084,1.27%,0.6690,0.03%
513600,南方恒指ETF行情,QDII,2.0371,1.0565,2.0254,1.0505,0.0117,0.58%,2.0350,0.10%
513650,南方标普500ETF(QDII)行情,QDII,---,---,1.0740,1.0740,---,---,1.0810,---
513660,华夏沪港通恒生ETF行情,指数型-股票,2.1024,1.0915,2.0909,1.0855,0.0115,0.55%,2.1050,-0.12%
513690,博时恒生高股息ETF行情,指数型-股票,0.7521,0.7621,0.7534,0.7634,-0.0013,-0.17%,0.7530,-0.12%
513700,鹏华中证港股通医药卫生综合交易ETF行情,指数型-股票,0.5408,0.5408,0.5341,0.5341,0.0067,1.25%,0.5410,-0.04%
513770,华宝中证港股通互联网ETF行情,指数型-股票,0.7342,0.7342,0.7187,0.7187,0.0155,2.16%,0.7360,-0.25%
513800,南方顶峰TOPIX-ETF行情,QDII,1.1716,1.1716,1.1652,1.1652,0.0064,0.55%,1.1760,-0.38%
513860,海富通中证港股通科技ETF行情,指数型-股票,0.4758,0.4758,0.4676,0.4676,0.0082,1.75%,0.4750,0.17%
513880,华安日经225ETF行情,QDII,1.1499,1.1499,1.1411,1.1411,0.0088,0.77%,1.1540,-0.36%
513890,摩根恒生科技ETF(QDII)行情,QDII,0.7287,0.7287,0.7154,0.7154,0.0133,1.86%,0.7300,-0.18%
513900,华安CES港股通ETF行情,指数型-股票,0.7981,0.7981,0.7919,0.7919,0.0062,0.78%,0.8000,-0.24%
513950,富国恒生港股通高股息低波动ETF(QDII)行情,QDII,1.0098,1.0098,1.0079,1.0079,0.0019,0.19%,1.0050,0.48%
513960,博时中证港股通消费主题ETF行情,指数型-股票,1.0805,1.0805,1.0659,1.0659,0.0146,1.37%,1.0780,0.23%
513970,景顺长城恒生消费ETF(QDII)行情,QDII,0.8814,0.8814,0.8747,0.8747,0.0067,0.77%,0.8770,0.50%
513980,景顺长城中证港股通科技ETF行情,指数型-股票,0.4772,0.4772,0.4688,0.4688,0.0084,1.79%,0.4770,0.04%
513990,招商上证港股通ETF行情,指数型-股票,0.8067,0.8067,0.8012,0.8012,0.0055,0.69%,0.8030,0.46%
515000,华宝中证科技龙头ETF行情,指数型-股票,1.2834,1.2834,1.2674,1.2674,0.0160,1.26%,1.2830,0.03%
515010,华夏中证全指证券公司ETF行情,指数型-股票,1.0224,1.0224,1.0205,1.0205,0.0019,0.19%,1.0220,0.04%
515020,华夏中证银行ETF行情,指数型-股票,1.1325,1.1325,1.1386,1.1386,-0.0061,-0.54%,1.1400,-0.66%
515030,华夏中证新能源汽车ETF行情,指数型-股票,1.5119,1.5119,1.4970,1.4970,0.0149,1.00%,1.5090,0.19%
515050,华夏中证5G通信主题ETF行情,指数型-股票,0.9524,0.9524,0.9314,0.9314,0.0210,2.25%,0.9540,-0.17%
515060,华夏中证全指房地产ETF行情,指数型-股票,0.7961,0.7961,0.7862,0.7862,0.0099,1.26%,0.7970,-0.11%
515070,华夏中证人工智能主题ETF行情,指数型-股票,1.1370,1.1370,1.1017,1.1017,0.0353,3.20%,1.1420,-0.44%
515080,招商中证红利ETF行情,指数型-股票,1.4939,1.6739,1.4944,1.6744,-0.0005,-0.03%,1.4930,0.06%
515090,博时可持续发展100ETF行情,指数型-股票,1.1299,1.1299,1.1295,1.1295,0.0004,0.04%,1.1180,1.05%
515100,景顺长城红利低波动100ETF行情,指数型-股票,1.7405,1.7405,1.7385,1.7385,0.0020,0.12%,1.7410,-0.03%
515110,易方达中证国企一带一路ETF行情,指数型-股票,1.2755,1.2755,1.2609,1.2609,0.0146,1.16%,1.2750,0.04%
515120,广发中证创新药产业ETF行情,指数型-股票,0.6577,0.6577,0.6652,0.6652,-0.0075,-1.13%,0.6560,0.26%
515130,博时沪深300ETF行情,指数型-股票,1.1580,1.1580,1.1569,1.1569,0.0011,0.10%,1.1580,0.00%
515150,富国中证国企一带一路ETF行情,指数型-股票,1.2345,1.2345,1.2206,1.2206,0.0139,1.14%,1.2330,0.12%
515160,招商MSCI中国A股国际通ETF行情,指数型-股票,1.2131,1.2131,1.2126,1.2126,0.0005,0.04%,1.2100,0.26%
515170,华夏中证细分食品饮料主题ETF行情,指数型-股票,0.6862,0.6862,0.6945,0.6945,-0.0083,-1.20%,0.6860,0.03%
515180,易方达中证红利ETF行情,指数型-股票,1.3106,1.4566,1.3110,1.4570,-0.0004,-0.03%,1.3140,-0.26%
515190,中银证券中证500ETF行情,指数型-股票,1.2230,1.2230,1.2156,1.2156,0.0074,0.61%,1.2190,0.33%
515200,申万菱信中证研发创新100ETF行情,指数型-股票,1.7322,1.7322,1.7062,1.7062,0.0260,1.52%,1.7330,-0.05%
515210,国泰中证钢铁ETF行情,指数型-股票,1.2511,1.3311,1.2629,1.3429,-0.0118,-0.93%,1.2490,0.17%
515220,国泰中证煤炭ETF行情,指数型-股票,2.0558,2.1758,2.0552,2.1752,0.0006,0.03%,2.0550,0.04%
515230,国泰中证全指软件ETF行情,指数型-股票,0.9708,0.9708,0.9422,0.9422,0.0286,3.04%,0.9710,-0.02%
515250,富国中证智能汽车主题ETF行情,指数型-股票,0.8308,0.8308,0.8189,0.8189,0.0119,1.45%,0.8330,-0.26%
515260,华宝中证电子50ETF行情,指数型-股票,0.7487,0.7487,0.7404,0.7404,0.0083,1.12%,0.7480,0.09%
515280,富国中证银行ETF行情,指数型-股票,1.1142,1.1142,1.1203,1.1203,-0.0061,-0.54%,1.1140,0.02%
515290,天弘中证银行ETF行情,指数型-股票,0.9607,0.9607,0.9660,0.9660,-0.0053,-0.55%,0.9620,-0.14%
515300,嘉实沪深300红利低波动ETF行情,指数型-股票,1.3410,1.3410,1.3419,1.3419,-0.0009,-0.07%,1.3400,0.07%
515310,添富沪深300ETF行情,指数型-股票,1.0720,1.0720,1.0709,1.0709,0.0011,0.10%,1.0710,0.09%
515320,华安中证电子50ETF行情,指数型-股票,0.7195,0.7195,0.7114,0.7114,0.0081,1.14%,0.7190,0.07%
515330,天弘沪深300ETF行情,指数型-股票,1.0279,1.0279,1.0269,1.0269,0.0010,0.10%,1.0280,-0.01%
515350,民生加银沪深300ETF行情,指数型-股票,4.7438,1.1792,4.7392,1.1781,0.0046,0.10%,4.7330,0.23%
515360,方正富邦沪深300ETF行情,指数型-股票,4.9389,1.2190,4.9340,1.2178,0.0049,0.10%,4.9160,0.46%
515380,泰康沪深300ETF行情,指数型-股票,4.0875,0.9957,4.0834,0.9947,0.0041,0.10%,4.0810,0.16%
515390,华安沪深300ETF行情,指数型-股票,1.0395,1.0395,1.0385,1.0385,0.0010,0.10%,1.0390,0.05%
515400,富国中证大数据产业ETF行情,指数型-股票,0.9776,0.9776,0.9436,0.9436,0.0340,3.60%,0.9780,-0.04%
515450,南方中国A股大盘红利低波50ETF行情,指数型-股票,1.3382,1.4482,1.3339,1.4439,0.0043,0.32%,1.3390,-0.06%
515530,泰康中证500ETF行情,指数型-股票,3.1794,0.9935,3.1599,0.9874,0.0195,0.62%,3.1780,0.04%
515550,中融中证500ETF行情,指数型-股票,1.2961,1.2961,1.2883,1.2883,0.0078,0.61%,1.2860,0.78%
515560,建信中证全指证券公司ETF行情,指数型-股票,0.8169,0.8169,0.8153,0.8153,0.0016,0.20%,0.8180,-0.13%
515570,山西中证红利ETF行情,指数型-股票,1.1267,1.1267,1.1315,1.1315,-0.0048,-0.42%,1.1240,0.24%
515580,华泰柏瑞中证科技100ETF行情,指数型-股票,0.8083,1.6166,0.7978,1.5956,0.0105,1.32%,0.8080,0.04%
515590,前海开源中证500等权ETF行情,指数型-股票,1.4671,1.4671,1.4581,1.4581,0.0090,0.62%,1.4680,-0.06%
515600,广发央企创新ETF行情,指数型-股票,1.3774,1.3774,1.3508,1.3508,0.0266,1.97%,1.3790,-0.12%
515630,鹏华中证800证保ETF行情,指数型-股票,1.0365,1.0365,1.0346,1.0346,0.0019,0.18%,1.0370,-0.05%
515650,富国中证消费50ETF行情,指数型-股票,1.1417,1.1417,1.1536,1.1536,-0.0119,-1.03%,1.1430,-0.11%
515660,国联安沪深300ETF行情,指数型-股票,4.3753,1.1300,4.3710,1.1289,0.0043,0.10%,4.4000,-0.56%
515670,中银中证100ETF行情,指数型-股票,0.9662,0.9662,0.9637,0.9637,0.0025,0.26%,0.9670,-0.08%
515680,嘉实中证央企创新驱动ETF行情,指数型-股票,1.3931,1.3931,1.3663,1.3663,0.0268,1.96%,1.3940,-0.06%
515700,平安中证新能源汽车产业ETF行情,指数型-股票,1.9785,1.9785,1.9590,1.9590,0.0195,1.00%,1.9800,-0.08%
515710,华宝中证细分食品饮料主题ETF行情,指数型-股票,0.7163,0.7163,0.7249,0.7249,-0.0086,-1.19%,0.7170,-0.10%
515750,富国中证科技50策略ETF行情,指数型-股票,1.3328,1.3328,1.3215,1.3215,0.0113,0.86%,1.3300,0.21%
515760,华夏中证浙江国资创新发展ETF行情,指数型-股票,1.0943,1.0943,1.0932,1.0932,0.0011,0.10%,1.0920,0.21%
515770,摩根MSCI中国A股ETF行情,指数型-股票,1.1181,1.1181,1.1178,1.1178,0.0003,0.03%,1.1160,0.19%
515780,浦银安盛MSCI中国A股ETF行情,指数型-股票,1.2926,1.2926,1.2916,1.2916,0.0010,0.08%,1.2910,0.12%
515790,华泰柏瑞中证光伏产业ETF行情,指数型-股票,1.1968,1.1968,1.2080,1.2080,-0.0112,-0.93%,1.1970,-0.02%
515800,添富中证800ETF行情,指数型-股票,1.0802,1.0802,1.0776,1.0776,0.0026,0.24%,1.0800,0.02%
515810,易方达中证800ETF行情,指数型-股票,1.1855,1.1855,1.1827,1.1827,0.0028,0.24%,1.1840,0.13%
515850,富国中证全指证券公司ETF行情,指数型-股票,1.0923,1.0923,1.0903,1.0903,0.0020,0.18%,1.0920,0.03%
515860,嘉实新兴科技100ETF行情,指数型-股票,1.2074,1.2074,1.1893,1.1893,0.0181,1.52%,1.2070,0.03%
515880,国泰中证全指通信设备ETF行情,指数型-股票,1.1175,1.1175,1.0927,1.0927,0.0248,2.27%,1.1160,0.13%
515890,博时红利ETF行情,指数型-股票,1.3159,1.4759,1.3164,1.4764,-0.0005,-0.04%,1.3160,-0.01%
515900,博时央企创新驱动ETF行情,指数型-股票,1.3813,1.3813,1.3546,1.3546,0.0267,1.97%,1.3830,-0.12%
515910,中金MSCI中国A股国际质量ETF行情,指数型-股票,0.6056,0.6056,0.6104,0.6104,-0.0048,-0.79%,0.6060,-0.07%
515920,博时智能消费ETF行情,指数型-股票,0.7280,0.7280,0.7220,0.7220,0.0060,0.83%,0.7270,0.14%
515930,永赢沪深300ETF行情,指数型-股票,4.8785,1.2698,4.8737,1.2685,0.0048,0.10%,4.8750,0.07%
515950,富国中证医药50ETF行情,指数型-股票,1.2079,1.2079,1.2196,1.2196,-0.0117,-0.96%,1.2050,0.24%
515960,嘉实医药健康100ETF行情,指数型-股票,0.8981,0.8981,0.9065,0.9065,-0.0084,-0.93%,0.8960,0.23%
515980,华富中证人工智能产业ETF行情,指数型-股票,0.9870,0.9870,0.9551,0.9551,0.0319,3.34%,0.9900,-0.30%
515990,添富中证国企一带一路ETF行情,指数型-股票,1.2691,1.2691,1.2546,1.2546,0.0145,1.16%,1.2680,0.09%
516000,华夏中证大数据产业ETF行情,指数型-股票,1.0374,1.0374,1.0014,1.0014,0.0360,3.59%,1.0370,0.04%
516010,国泰中证动漫游戏ETF行情,指数型-股票,1.4510,1.4510,1.3676,1.3676,0.0834,6.10%,1.4530,-0.14%
516020,华宝化工ETF行情,指数型-股票,0.6825,0.6825,0.6854,0.6854,-0.0029,-0.42%,0.6820,0.07%
516050,工银中证科技龙头ETF行情,指数型-股票,0.6603,0.6603,0.6521,0.6521,0.0082,1.26%,0.6590,0.20%
516060,工银瑞信中证创新药产业ETF行情,指数型-股票,0.6052,0.6052,0.6121,0.6121,-0.0069,-1.13%,0.6040,0.20%
516070,易方达中证内地低碳经济ETF行情,指数型-股票,0.5314,1.0628,0.5312,1.0624,0.0002,0.04%,0.5300,0.26%
516080,易方达中证创新药产业ETF行情,指数型-股票,0.6509,0.6509,0.6582,0.6582,-0.0073,-1.11%,0.6510,-0.02%
516090,易方达中证新能源ETF行情,指数型-股票,0.5308,1.0616,0.5309,1.0618,-0.0001,-0.02%,0.5310,-0.04%
516100,华夏中证金融科技主题ETF行情,指数型-股票,0.9495,0.9495,0.9316,0.9316,0.0179,1.92%,0.9460,0.37%
516110,国泰中证800汽车与零部件ETF行情,指数型-股票,0.9548,0.9548,0.9434,0.9434,0.0114,1.21%,0.9550,-0.02%
516120,富国中证细分化工产业主题ETF行情,指数型-股票,0.6896,0.6896,0.6924,0.6924,-0.0028,-0.40%,0.6900,-0.06%
516130,华宝中证消费龙头ETF行情,指数型-股票,0.7715,0.7715,0.7756,0.7756,-0.0041,-0.53%,0.7720,-0.06%
516150,嘉实中证稀土产业ETF行情,指数型-股票,1.0736,1.0736,1.0729,1.0729,0.0007,0.07%,1.0710,0.24%
516160,南方中证新能源ETF行情,指数型-股票,0.8642,0.8642,0.8643,0.8643,-0.0001,-0.01%,0.8630,0.14%
516180,平安中证光伏产业ETF行情,指数型-股票,0.9879,0.9879,0.9970,0.9970,-0.0091,-0.91%,0.9890,-0.11%
516190,华夏中证文娱传媒ETF行情,指数型-股票,1.1638,1.1638,1.1157,1.1157,0.0481,4.31%,1.1620,0.15%
516200,华安中证全指证券公司ETF行情,指数型-股票,0.8684,0.8684,0.8669,0.8669,0.0015,0.17%,0.8690,-0.07%
516210,华安中证银行ETF行情,指数型-股票,0.9239,0.9239,0.9288,0.9288,-0.0049,-0.53%,0.9220,0.21%
516220,国泰中证细分化工产业主题ETF行情,指数型-股票,0.7175,0.7175,0.7203,0.7203,-0.0028,-0.39%,0.7180,-0.07%
516260,华夏中证物联网主题ETF行情,指数型-股票,0.7626,0.7626,0.7497,0.7497,0.0129,1.72%,0.7630,-0.05%
516270,华安中证内地新能源主题ETF行情,指数型-股票,0.6567,0.6567,0.6560,0.6560,0.0007,0.11%,0.6560,0.11%
516290,汇添富中证光伏产业ETF行情,指数型-股票,0.7394,0.7394,0.7463,0.7463,-0.0069,-0.92%,0.7400,-0.08%
516300,华泰柏瑞中证1000ETF行情,指数型-股票,1.0583,1.0583,1.0529,1.0529,0.0054,0.51%,1.0580,0.03%
516310,易方达中证银行ETF行情,指数型-股票,0.8716,0.8716,0.8763,0.8763,-0.0047,-0.54%,0.8710,0.07%
516320,华夏中证装备产业ETF行情,指数型-股票,0.8519,0.8519,0.8487,0.8487,0.0032,0.38%,0.8520,-0.01%
516330,华泰柏瑞中证物联网主题ETF行情,指数型-股票,0.9209,0.9209,0.9056,0.9056,0.0153,1.69%,0.9200,0.10%
516350,易方达中证芯片产业ETF行情,指数型-股票,0.7537,0.7537,0.7500,0.7500,0.0037,0.49%,0.7560,-0.31%
516360,华宝新材料ETF行情,指数型-股票,0.8774,0.8774,0.8784,0.8784,-0.0010,-0.11%,0.8770,0.05%
516380,华宝智能电动汽车ETF行情,指数型-股票,0.7768,0.7768,0.7653,0.7653,0.0115,1.50%,0.7760,0.10%
516390,汇添富中证新能源汽车产业ETF行情,指数型-股票,0.8126,0.8126,0.8046,0.8046,0.0080,0.99%,0.8130,-0.05%
516480,国联安中证新材料主题ETF行情,指数型-股票,0.7680,0.7680,0.7685,0.7685,-0.0005,-0.07%,0.7630,0.65%
516500,华夏中证生物科技主题ETF行情,指数型-股票,0.7238,0.7238,0.7285,0.7285,-0.0047,-0.65%,0.7230,0.11%
516510,易方达中证云计算ETF行情,指数型-股票,1.1489,1.1489,1.1016,1.1016,0.0473,4.29%,1.1500,-0.10%
516520,华泰柏瑞中证智能汽车主题ETF行情,指数型-股票,0.8894,0.8894,0.8769,0.8769,0.0125,1.43%,0.8880,0.16%
516530,银华中证现代物流ETF行情,指数型-股票,0.8402,0.8402,0.8425,0.8425,-0.0023,-0.27%,0.8410,-0.10%
516550,嘉实中证大农业ETF行情,指数型-股票,0.6789,0.6789,0.6842,0.6842,-0.0053,-0.77%,0.6790,-0.01%
516560,华宝中证养老产业ETF行情,指数型-股票,0.8387,0.8387,0.8430,0.8430,-0.0043,-0.51%,0.8370,0.20%
516570,易方达中证石化产业ETF行情,指数型-股票,0.7529,0.7529,0.7551,0.7551,-0.0022,-0.29%,0.7530,-0.01%
516580,博时中证新能源ETF行情,指数型-股票,0.6672,0.6672,0.6673,0.6673,-0.0001,-0.01%,0.6660,0.18%
516590,易方达中证智能电动汽车ETF行情,指数型-股票,0.9635,0.9635,0.9493,0.9493,0.0142,1.50%,0.9610,0.26%
516600,工银瑞信中证消费服务领先ETF行情,指数型-股票,0.6217,0.6217,0.6212,0.6212,0.0005,0.08%,0.6210,0.11%
516610,大成中证全指医疗保健设备与服务ETF行情,指数型-股票,0.6444,0.6444,0.6479,0.6479,-0.0035,-0.54%,0.6430,0.22%
516620,国泰中证影视主题ETF行情,指数型-股票,1.0497,1.0497,1.0230,1.0230,0.0267,2.61%,1.0470,0.26%
516630,华夏中证云计算ETF行情,指数型-股票,1.1354,1.1354,1.0884,1.0884,0.0470,4.32%,1.1350,0.04%
516640,富国中证芯片产业ETF行情,指数型-股票,0.7002,0.7002,0.6966,0.6966,0.0036,0.52%,0.7000,0.03%
516650,华夏细分有色金属产业主题ETF行情,指数型-股票,0.9671,0.9671,0.9686,0.9686,-0.0015,-0.15%,0.9670,0.01%
516660,华安中证新能源汽车ETF行情,指数型-股票,0.9382,0.9382,0.9289,0.9289,0.0093,1.00%,0.9370,0.13%
516670,招商中证畜牧养殖ETF行情,指数型-股票,0.7339,0.7339,0.7383,0.7383,-0.0044,-0.60%,0.7320,0.26%
516690,银华中证细分化工产业主题ETF行情,指数型-股票,0.6416,0.6416,0.6443,0.6443,-0.0027,-0.42%,0.6420,-0.06%
516700,华宝大数据ETF行情,指数型-股票,1.0319,1.0319,0.9968,0.9968,0.0351,3.52%,1.0340,-0.20%
516710,华夏中证新材料主题ETF行情,指数型-股票,0.6321,0.6321,0.6328,0.6328,-0.0007,-0.11%,0.6310,0.17%
516720,浦银安盛中证ESG120策略ETF行情,指数型-股票,0.8228,0.8228,0.8207,0.8207,0.0021,0.26%,0.8220,0.10%
516730,浦银安盛中证证券公司30ETF行情,指数型-股票,0.8039,0.8039,0.8030,0.8030,0.0009,0.11%,0.8050,-0.14%
516750,富国中证全指建筑材料ETF行情,指数型-股票,0.7708,0.7708,0.7704,0.7704,0.0004,0.05%,0.7700,0.10%
516760,平安中证畜牧养殖ETF行情,指数型-股票,0.7178,0.7178,0.7221,0.7221,-0.0043,-0.60%,0.7170,0.11%
516770,华泰柏瑞中证动漫游戏ETF行情,指数型-股票,1.4616,1.4616,1.3790,1.3790,0.0826,5.99%,1.4630,-0.10%
516780,华泰柏瑞中证稀土产业ETF行情,指数型-股票,1.0125,1.0125,1.0118,1.0118,0.0007,0.07%,1.0100,0.25%
516790,华泰柏瑞中证医疗保健ETF行情,指数型-股票,0.7435,0.7435,0.7480,0.7480,-0.0045,-0.60%,0.7430,0.07%
516800,华宝中证智能制造ETF行情,指数型-股票,1.0280,1.0280,1.0155,1.0155,0.0125,1.23%,1.0290,-0.10%
516810,华夏中证农业主题ETF行情,指数型-股票,0.7346,0.7346,0.7398,0.7398,-0.0052,-0.70%,0.7340,0.08%
516820,平安医药及医疗器械创新ETF行情,指数型-股票,0.4437,0.4437,0.4477,0.4477,-0.0040,-0.89%,0.4440,-0.07%
516830,富国沪深300ESG基准ETF行情,指数型-股票,0.7672,0.7672,0.7658,0.7658,0.0014,0.18%,0.7660,0.16%
516850,华夏中证新能源ETF行情,指数型-股票,1.0280,1.0280,1.0281,1.0281,-0.0001,-0.01%,1.0290,-0.10%
516860,博时金融科技ETF行情,指数型-股票,0.9912,0.9912,0.9724,0.9724,0.0188,1.93%,0.9880,0.32%
516880,银华中证光伏产业ETF行情,指数型-股票,0.9904,0.9904,0.9996,0.9996,-0.0092,-0.92%,0.9900,0.04%
516890,平安中证新材料主题ETF行情,指数型-股票,0.6609,0.6609,0.6617,0.6617,-0.0008,-0.12%,0.6600,0.14%
516900,华安中证申万食品饮料ETF行情,指数型-股票,0.7449,0.7449,0.7535,0.7535,-0.0086,-1.14%,0.7450,-0.01%
516910,富国中证现代物流ETF行情,指数型-股票,0.9743,0.9743,0.9770,0.9770,-0.0027,-0.28%,0.9720,0.24%
516920,汇添富中证芯片产业ETF行情,指数型-股票,0.6821,0.6821,0.6788,0.6788,0.0033,0.49%,0.6820,0.01%
516930,民生加银中证生物科技主题ETF行情,指数型-股票,0.5890,0.5890,0.5928,0.5928,-0.0038,-0.64%,0.5880,0.17%
516950,银华中证基建ETF行情,指数型-股票,1.0929,1.0929,1.0721,1.0721,0.0208,1.94%,1.0920,0.08%
516960,国泰细分机械设备产业主题ETF行情,指数型-股票,0.8844,0.8844,0.8799,0.8799,0.0045,0.51%,0.8820,0.27%
516970,广发中证基建工程ETF行情,指数型-股票,1.2345,1.2345,1.2085,1.2085,0.0260,2.15%,1.2320,0.20%
516980,华富中证证券公司先锋策略ETF行情,指数型-股票,0.8824,0.8824,0.8808,0.8808,0.0016,0.18%,0.8770,0.61%
517000,银华中证沪港深500ETF行情,指数型-股票,0.7274,0.7274,0.7251,0.7251,0.0023,0.32%,0.7260,0.19%
517010,易方达中证沪港深500ETF行情,指数型-股票,0.8199,0.8199,0.8175,0.8175,0.0024,0.29%,0.8170,0.35%
517030,易方达中证沪港深300ETF行情,指数型-股票,0.8358,0.8358,0.8350,0.8350,0.0008,0.10%,0.8350,0.10%
517050,华泰柏瑞中证沪港深互联网ETF行情,指数型-股票,0.6329,0.6329,0.6143,0.6143,0.0186,3.03%,0.6310,0.30%
517080,汇添富中证沪港深500ETF行情,指数型-股票,0.7304,0.7304,0.7282,0.7282,0.0022,0.30%,0.7300,0.05%
517090,国泰富时中国国企开放共赢ETF行情,指数型-股票,1.2777,1.2777,1.2675,1.2675,0.0102,0.80%,1.2790,-0.10%
517100,富国中证沪港深500ETF行情,指数型-股票,0.7299,0.7299,0.7275,0.7275,0.0024,0.33%,0.7280,0.26%
517110,国泰中证沪港深创新药产业ETF行情,指数型-股票,0.6428,0.6428,0.6450,0.6450,-0.0022,-0.34%,0.6450,-0.34%
517120,华泰柏瑞中证创新药产业ETF行情,指数型-股票,0.5885,0.5885,0.5904,0.5904,-0.0019,-0.32%,0.5860,0.42%
517160,南方中证长江保护主题ETF行情,指数型-股票,0.7434,0.7434,0.7405,0.7405,0.0029,0.39%,0.7430,0.05%
517170,华夏中证沪港深500ETF行情,指数型-股票,0.7498,0.7498,0.7474,0.7474,0.0024,0.32%,0.7460,0.51%
517180,南方富时中国国企开放共赢ETF行情,指数型-股票,1.3485,1.3485,1.3378,1.3378,0.0107,0.80%,1.3500,-0.11%
517200,嘉实中证沪港深互联网ETF行情,指数型-股票,0.5923,0.5923,0.5746,0.5746,0.0177,3.08%,0.5890,0.56%
517270,浦银安盛中证沪港深科技龙头ETF行情,指数型-股票,0.7508,0.7508,0.7431,0.7431,0.0077,1.04%,0.7470,0.51%
517280,天弘中证沪港深线上消费主题ETF行情,指数型-股票,0.8988,0.8988,0.8661,0.8661,0.0327,3.78%,0.8960,0.31%
517300,国寿安保中证沪港深300ETF行情,指数型-股票,0.6909,0.6909,0.6897,0.6897,0.0012,0.17%,0.6920,-0.16%
517330,易方达中证长江保护主题ETF行情,指数型-股票,0.7474,0.7474,0.7445,0.7445,0.0029,0.39%,0.7450,0.32%
517350,广发中证沪港深科技龙头ETF行情,指数型-股票,0.5982,0.5982,0.5918,0.5918,0.0064,1.08%,0.5940,0.70%
517360,华安中证沪港深科技100ETF行情,指数型-股票,0.7927,0.7927,0.7828,0.7828,0.0099,1.26%,0.7920,0.09%
517380,天弘恒生沪深港创新药精选50ETF行情,指数型-股票,0.6218,0.6218,0.6249,0.6249,-0.0031,-0.50%,0.6220,-0.03%
517390,天弘中证沪港深云计算产业ETF行情,指数型-股票,0.9748,0.9748,0.9424,0.9424,0.0324,3.44%,0.9730,0.18%
517500,国泰中证沪港深动漫游戏ETF行情,指数型-股票,1.5324,1.5324,1.4554,1.4554,0.0770,5.29%,1.5270,0.35%
517550,招商中证沪港深消费龙头ETF行情,指数型-股票,0.7453,0.7453,0.7480,0.7480,-0.0027,-0.36%,0.7440,0.17%
517660,天弘中证沪港深物联网主题ETF行情,指数型-股票,0.7749,0.7749,0.7618,0.7618,0.0131,1.72%,0.7720,0.37%
517760,浦银安盛中证沪港深消费龙头ETF行情,指数型-股票,0.8872,0.8872,0.8890,0.8890,-0.0018,-0.20%,0.8850,0.25%
517770,浦银安盛中证沪港深游戏及文化传媒ETF行情,指数型-股票,1.0182,1.0182,0.9792,0.9792,0.0390,3.98%,1.0170,0.12%
517800,方正富邦沪港深人工智能50ETF行情,指数型-股票,0.7188,0.7188,0.7033,0.7033,0.0155,2.20%,0.7160,0.39%
517850,汇添富中证沪港深张江自主创新50ETF行情,指数型-股票,0.9319,0.9319,0.9255,0.9255,0.0064,0.69%,0.9310,0.10%
517880,华泰柏瑞中证品牌消费50ETF行情,指数型-股票,0.7879,0.7879,0.7884,0.7884,-0.0005,-0.06%,0.7870,0.11%
517900,招商中证银行AH价格优选ETF行情,指数型-股票,0.9604,0.9604,0.9636,0.9636,-0.0032,-0.33%,0.9590,0.15%
517960,摩根中证沪港深科技100ETF行情,指数型-股票,0.8852,0.8852,0.8743,0.8743,0.0109,1.25%,0.8830,0.25%
517990,招商中证沪港深500医药卫生ETF行情,指数型-股票,0.9551,0.9551,0.9582,0.9582,-0.0031,-0.32%,0.9540,0.12%
518600,广发上海金ETF行情,商品（不含QDII）,4.2911,1.0511,4.3005,1.0534,-0.0094,-0.22%,4.2850,0.14%
518660,工银瑞信黄金ETF行情,商品（不含QDII）,4.3148,1.1182,4.3226,1.1202,-0.0078,-0.18%,4.3100,0.11%
518680,富国上海金ETF行情,商品（不含QDII）,4.3013,1.0740,4.3105,1.0763,-0.0092,-0.21%,4.3010,0.01%
518800,国泰黄金ETF行情,商品（不含QDII）,4.2530,1.6088,4.2607,1.6117,-0.0077,-0.18%,4.2470,0.14%
518850,华夏黄金ETF行情,商品（不含QDII）,4.3316,1.1151,4.3393,1.1170,-0.0077,-0.18%,4.3300,0.04%
518860,建信上海金ETF行情,商品（不含QDII）,4.3355,1.0302,4.3441,1.0323,-0.0086,-0.20%,4.3330,0.06%
518880,华安黄金易ETF行情,商品（不含QDII）,4.3048,1.6256,4.3125,1.6285,-0.0077,-0.18%,4.3000,0.11%
518890,中银上海金ETF行情,商品（不含QDII）,4.3487,1.0464,4.3580,1.0487,-0.0093,-0.21%,4.3440,0.11%
560000,浦银安盛中证智能电动汽车ETF行情,指数型-股票,0.6957,0.6957,0.6859,0.6859,0.0098,1.43%,---,---
560010,广发中证1000ETF行情,指数型-股票,2.6210,0.9251,2.6081,0.9205,0.0129,0.49%,---,---
560050,汇添富MSCI中国A50互联互通ETF行情,指数型-股票,0.7534,0.7534,0.7545,0.7545,-0.0011,-0.15%,---,---
560060,汇添富中证上海环交所碳中和ETF行情,指数型-股票,0.7770,0.7770,0.7751,0.7751,0.0019,0.25%,---,---
560070,汇添富中证国新央企股东回报ETF行情,指数型-股票,---,---,---,---,---,---,---,---
560080,汇添富中证中药ETF行情,指数型-股票,1.3714,1.3714,1.3764,1.3764,-0.0050,-0.36%,---,---
560090,汇添富中证全指证券公司ETF行情,指数型-股票,0.9755,0.9755,0.9737,0.9737,0.0018,0.18%,---,---
560100,南方中证500增强策略ETF行情,指数型-股票,0.9433,0.9433,0.9375,0.9375,0.0058,0.62%,---,---
560110,汇添富中证1000ETF行情,指数型-股票,0.9388,0.9388,0.9341,0.9341,0.0047,0.50%,---,---
560180,南方沪深300ESG基准ETF行情,指数型-股票,0.9324,0.9324,0.9307,0.9307,0.0017,0.18%,---,---
560330,申万菱信沪深300价值ETF行情,指数型-股票,0.9642,0.9642,0.9625,0.9625,0.0017,0.18%,---,---
560500,鹏扬中证500质量成长ETF行情,指数型-股票,0.8621,0.8621,0.8570,0.8570,0.0051,0.60%,---,---
560550,广发中证上海环交所碳中和ETF行情,指数型-股票,0.7739,0.7739,0.7720,0.7720,0.0019,0.25%,---,---
560560,泰康中证内地低碳经济ETF行情,指数型-股票,0.6912,0.6912,0.6911,0.6911,0.0001,0.01%,---,---
560580,南方中证全指电力公用事业ETF行情,指数型-股票,1.0328,1.0328,1.0368,1.0368,-0.0040,-0.39%,---,---
560600,方正富邦中证医药及医疗器械创新ETF行情,指数型-股票,0.7142,0.7142,0.7205,0.7205,-0.0063,-0.87%,---,---
560650,民生加银中证企业核心竞争力50ETF行情,指数型-股票,0.9486,0.9486,0.9492,0.9492,-0.0006,-0.06%,---,---
560660,新华中证云计算50ETF行情,指数型-股票,1.0405,1.0405,0.9995,0.9995,0.0410,4.10%,---,---
560680,广发中证主要消费ETF行情,指数型-股票,1.0172,1.0172,1.0272,1.0272,-0.0100,-0.97%,---,---
560700,广发中证国新央企股东回报ETF行情,指数型-股票,---,---,---,---,---,---,---,---
560800,鹏扬中证数字经济主题ETF行情,指数型-股票,0.7119,0.7119,0.7027,0.7027,0.0092,1.31%,---,---
560860,万家中证工业有色金属主题ETF行情,指数型-股票,0.8796,0.8796,0.8809,0.8809,-0.0013,-0.15%,---,---
560880,广发中证全指家用电器ETF行情,指数型-股票,1.0821,1.0821,1.0900,1.0900,-0.0079,-0.72%,---,---
560900,摩根中证创新药产业ETF行情,指数型-股票,0.9517,0.9517,0.9626,0.9626,-0.0109,-1.13%,---,---
560960,摩根中证碳中和60ETF行情,指数型-股票,0.8931,0.8931,0.8914,0.8914,0.0017,0.19%,---,---
560980,广发中证光伏龙头30ETF行情,指数型-股票,0.8186,0.8186,0.8270,0.8270,-0.0084,-1.02%,---,---
560990,中金中证科技先锋ETF行情,指数型-股票,0.8818,0.8818,0.8753,0.8753,0.0065,0.74%,---,---
561000,华安沪深300增强策略ETF行情,指数型-股票,0.9779,0.9779,0.9783,0.9783,-0.0004,-0.04%,---,---
561100,富国中证消费电子主题ETF行情,指数型-股票,0.7364,0.7364,0.7287,0.7287,0.0077,1.06%,---,---
561120,富国中证全指家用电器ETF行情,指数型-股票,0.9228,0.9228,0.9295,0.9295,-0.0067,-0.72%,---,---
561130,富国中证新华社民族品牌工程ETF行情,指数型-股票,0.7758,0.7758,0.7750,0.7750,0.0008,0.10%,---,---
561160,富国中证电池主题ETF行情,指数型-股票,0.6368,0.6368,0.6315,0.6315,0.0053,0.84%,---,---
561170,富国中证绿色电力ETF行情,指数型-股票,1.0810,1.0810,1.0866,1.0866,-0.0056,-0.52%,---,---
561180,富国中证100ETF行情,指数型-股票,1.0009,1.0009,0.9984,0.9984,0.0025,0.25%,---,---
561190,富国中证上海环交所碳中和ETF行情,指数型-股票,0.7801,0.7801,0.7781,0.7781,0.0020,0.26%,---,---
561300,国泰沪深300增强策略ETF行情,指数型-股票,0.7368,0.7368,0.7390,0.7390,-0.0022,-0.30%,---,---
561310,国泰中证消费电子主题ETF行情,指数型-股票,0.6785,0.6785,0.6711,0.6711,0.0074,1.10%,---,---
561320,国泰中证内地运输主题ETF行情,指数型-股票,0.9337,0.9337,0.9363,0.9363,-0.0026,-0.28%,---,---
561330,国泰中证有色金属矿业主题ETF行情,指数型-股票,0.9828,0.9828,0.9837,0.9837,-0.0009,-0.09%,---,---
561350,国泰中证500ETF行情,指数型-股票,0.8958,0.8958,0.8905,0.8905,0.0053,0.60%,---,---
561500,华泰柏瑞中证企业核心竞争力50ETF行情,指数型-股票,0.7400,0.7400,0.7397,0.7397,0.0003,0.04%,---,---
561510,华泰柏瑞中证中药ETF行情,指数型-股票,1.3270,1.3270,1.3314,1.3314,-0.0044,-0.33%,---,---
561550,华泰柏瑞中证500增强策略ETF行情,指数型-股票,0.8855,0.8855,0.8835,0.8835,0.0020,0.23%,---,---
561560,华泰柏瑞中证全指电力公用事业ETF行情,指数型-股票,1.1629,1.1629,1.1674,1.1674,-0.0045,-0.39%,---,---
561580,华泰柏瑞中证中央企业红利ETF行情,指数型-股票,1.0031,1.0031,1.0028,1.0028,0.0003,0.03%,---,---
561590,华泰柏瑞中证1000增强策略ETF行情,指数型-股票,0.9933,0.9933,0.9890,0.9890,0.0043,0.43%,---,---
561600,平安中证消费电子主题ETF行情,指数型-股票,0.7211,0.7211,0.7137,0.7137,0.0074,1.04%,---,---
561700,博时中证全指电力公用事业ETF行情,指数型-股票,1.0272,1.0272,1.0312,1.0312,-0.0040,-0.39%,---,---
561710,博时中证疫苗与生物技术ETF行情,指数型-股票,0.8172,0.8172,0.8245,0.8245,-0.0073,-0.89%,---,---
561800,华富中证稀有金属主题ETF行情,指数型-股票,0.6537,0.6537,0.6554,0.6554,-0.0017,-0.26%,---,---
561900,招商沪深300ESG基准ETF行情,指数型-股票,0.7796,0.7796,0.7782,0.7782,0.0014,0.18%,---,---
561910,招商中证电池主题ETF行情,指数型-股票,0.6227,0.6227,0.6174,0.6174,0.0053,0.86%,---,---
561920,招商中证疫苗与生物技术ETF行情,指数型-股票,0.9088,0.9088,0.9169,0.9169,-0.0081,-0.88%,---,---
561950,招商中证500增强策略ETF行情,指数型-股票,0.9387,0.9387,0.9350,0.9350,0.0037,0.40%,---,---
561960,招商中证国新央企股东回报ETF行情,指数型-股票,---,---,---,---,---,---,---,---
561990,招商沪深300增强策略ETF行情,指数型-股票,0.8037,0.8037,0.8029,0.8029,0.0008,0.10%,---,---
562000,华宝中证100ETF行情,指数型-股票,0.8926,0.8926,0.8903,0.8903,0.0023,0.26%,---,---
562010,华宝中证绿色能源ETF行情,指数型-股票,0.9060,0.9060,0.9030,0.9030,0.0030,0.33%,---,---
562300,银华中证内地低碳经济主题ETF行情,指数型-股票,0.6998,0.6998,0.6997,0.6997,0.0001,0.01%,---,---
562310,银华沪深300成长ETF行情,指数型-股票,0.8481,0.8481,0.8465,0.8465,0.0016,0.19%,---,---
562320,银华沪深300价值ETF行情,指数型-股票,1.0291,1.0291,1.0274,1.0274,0.0017,0.17%,---,---
562330,银华中证500价值ETF行情,指数型-股票,0.9708,0.9708,0.9670,0.9670,0.0038,0.39%,---,---
562350,银华中证全指电力公用事业ETF行情,指数型-股票,1.0386,1.0386,1.0425,1.0425,-0.0039,-0.37%,---,---
562360,银华中证机器人ETF行情,指数型-股票,0.8858,0.8858,0.8728,0.8728,0.0130,1.49%,---,---
562390,银华中证中药ETF行情,指数型-股票,1.2544,1.2544,1.2588,1.2588,-0.0044,-0.35%,---,---
562500,华夏中证机器人ETF行情,指数型-股票,0.8010,0.8010,0.7892,0.7892,0.0118,1.50%,---,---
562510,华夏中证旅游主题ETF行情,指数型-股票,0.9050,0.9050,0.9044,0.9044,0.0006,0.07%,---,---
562520,华夏中证智选1000成长创新策略ETF行情,指数型-股票,1.0632,1.0632,1.0600,1.0600,0.0032,0.30%,---,---
562530,华夏中证智选1000价值稳健策略ETF行情,指数型-股票,1.0661,1.0661,1.0581,1.0581,0.0080,0.76%,---,---
562550,华夏中证绿色电力ETF行情,指数型-股票,1.0821,1.0821,1.0877,1.0877,-0.0056,-0.51%,---,---
562800,嘉实中证稀有金属主题ETF行情,指数型-股票,0.6042,0.6042,0.6058,0.6058,-0.0016,-0.26%,---,---
562860,嘉实中证疫苗与生物技术ETF行情,指数型-股票,0.8582,0.8582,0.8659,0.8659,-0.0077,-0.89%,---,---
562880,嘉实中证电池主题ETF行情,指数型-股票,0.6592,0.6592,0.6537,0.6537,0.0055,0.84%,---,---
562900,易方达中证现代农业主题ETF行情,指数型-股票,0.8049,0.8049,0.8095,0.8095,-0.0046,-0.57%,---,---
562910,易方达中证装备产业ETF行情,指数型-股票,0.7314,0.7314,0.7287,0.7287,0.0027,0.37%,---,---
562930,易方达中证软件服务ETF行情,指数型-股票,---,---,---,---,---,---,---,---
562950,易方达中证消费电子主题ETF行情,指数型-股票,0.7033,0.7033,0.6960,0.6960,0.0073,1.05%,---,---
562960,易方达中证绿色电力ETF行情,指数型-股票,1.0847,1.0847,1.0899,1.0899,-0.0052,-0.48%,---,---
562990,易方达中证上海环交所碳中和ETF行情,指数型-股票,0.7806,0.7806,0.7787,0.7787,0.0019,0.24%,---,---
563000,易方达MSCI中国A50互联互通ETF行情,指数型-股票,0.7554,0.7554,0.7565,0.7565,-0.0011,-0.15%,---,---
563030,易方达中证500增强策略ETF行情,指数型-股票,0.9636,0.9636,0.9587,0.9587,0.0049,0.51%,---,---
588000,华夏上证科创板50成份ETF行情,指数型-股票,1.0880,0.7556,1.0714,0.7441,0.0166,1.55%,1.0900,-0.18%
588010,博时上证科创板新材料ETF行情,指数型-股票,0.8065,0.8065,0.8116,0.8116,-0.0051,-0.63%,0.8060,0.06%
588050,工银上证科创50成份ETF行情,指数型-股票,1.0737,0.7482,1.0576,0.7370,0.0161,1.52%,1.0750,-0.12%
588060,广发上证科创板50成份ETF行情,指数型-股票,0.6659,0.6659,0.6557,0.6557,0.0102,1.56%,0.6670,-0.17%
588080,易方达上证科创板50成份ETF行情,指数型-股票,1.0678,0.7481,1.0514,0.7366,0.0164,1.56%,1.0690,-0.11%
588090,华泰柏瑞上证科创板50成份ETF行情,指数型-股票,1.0792,0.7536,1.0626,0.7420,0.0166,1.56%,1.0800,-0.07%
588100,嘉实上证科创板新一代信息技术ETF行情,指数型-股票,1.2286,1.2286,1.2068,1.2068,0.0218,1.81%,1.2290,-0.03%
588150,南方上证科创板50ETF行情,指数型-股票,0.7343,0.7343,0.7231,0.7231,0.0112,1.55%,0.7360,-0.23%
588160,南方上证科创板新材料ETF行情,指数型-股票,0.8102,0.8102,0.8155,0.8155,-0.0053,-0.65%,0.8090,0.15%
588180,国联安上证科创板50成份ETF行情,指数型-股票,0.6733,0.6733,0.6632,0.6632,0.0101,1.52%,0.6720,0.19%
588200,嘉实上证科创板芯片ETF行情,指数型-股票,1.3680,1.3680,1.3528,1.3528,0.0152,1.12%,1.3680,0.00%
588260,华安上证科创板新一代信息技术ETF行情,指数型-股票,1.2272,1.2272,1.2058,1.2058,0.0214,1.77%,1.2270,0.02%
588280,华安上证科创板50ETF行情,指数型-股票,0.7546,0.7546,0.7431,0.7431,0.0115,1.55%,0.7550,-0.05%
588290,华安上证科创板芯片ETF行情,指数型-股票,1.3395,1.3395,1.3248,1.3248,0.0147,1.11%,1.3410,-0.11%
588300,招商中证科创创业50ETF行情,指数型-股票,0.5896,0.5896,0.5856,0.5856,0.0040,0.68%,0.5890,0.10%
588310,方正富邦科创创业50ETF行情,指数型-股票,0.6554,0.6554,0.6510,0.6510,0.0044,0.68%,0.6530,0.37%
588320,广发中证科创创业50增强策略ETF行情,指数型-股票,0.9197,0.9197,0.9131,0.9131,0.0066,0.72%,0.9150,0.51%
588330,华宝双创龙头ETF行情,指数型-股票,0.5839,0.5839,0.5799,0.5799,0.0040,0.69%,0.5850,-0.19%
588350,鹏扬中证科创创业50ETF行情,指数型-股票,0.8925,0.8925,0.8863,0.8863,0.0062,0.70%,0.8920,0.06%
588360,国泰中证科创创业50ETF行情,指数型-股票,0.6133,0.6133,0.6090,0.6090,0.0043,0.71%,0.6130,0.05%
588370,南方上证科创板50成份增强策略ETF行情,指数型-股票,1.0264,1.0264,1.0123,1.0123,0.0141,1.39%,1.0280,-0.16%
588380,富国中证科创创业50ETF行情,指数型-股票,0.5897,0.5897,0.5856,0.5856,0.0041,0.70%,0.5880,0.29%
588390,博时中证科创创业50ETF行情,指数型-股票,0.6362,0.6362,0.6319,0.6319,0.0043,0.68%,0.6360,0.03%
588400,嘉实中证科创创业50ETF行情,指数型-股票,0.5863,0.5863,0.5823,0.5823,0.0040,0.69%,0.5860,0.05%
588460,鹏华上证科创板50成份增强策略ETF行情,指数型-股票,1.0643,1.0643,1.0502,1.0502,0.0141,1.34%,1.0640,0.03%
